event_id,role,order_id,stockist_id,territory_id,sku,date,units_delta
DUMP-001,source,ORD-DUMP-DUMP-001-MH_JLN_01_S2,MH_JLN_01_S2,MH_JLN_01,SKU_HV_HD_01,2023-06-07,92
DUMP-001,victim,ORD-109527,MH_YAV_01_S2,MH_YAV_01,SKU_HV_HD_01,2023-06-05,-25
DUMP-001,victim,ORD-109655,MH_YAV_01_S2,MH_YAV_01,SKU_HV_HD_01,2023-06-12,-22
DUMP-002,source,ORD-DUMP-DUMP-002-MH_NAG_02_S2,MH_NAG_02_S2,MH_NAG_02,SKU_HV_HD_02,2024-02-28,67
DUMP-002,victim,ORD-114468,MH_PUN_01_S4,MH_PUN_01,SKU_HV_HD_02,2024-03-02,-24
DUMP-002,victim,ORD-114596,MH_PUN_01_S4,MH_PUN_01,SKU_HV_HD_02,2024-03-09,-21
DUMP-003,source,ORD-DUMP-DUMP-003-MH_AUR_02_S5,MH_AUR_02_S5,MH_AUR_02,SKU_HV_HD_01,2025-09-10,32
DUMP-003,source,ORD-DUMP-DUMP-003-MH_AUR_02_S3,MH_AUR_02_S3,MH_AUR_02,SKU_HV_HD_01,2025-09-12,22
DUMP-003,victim,ORD-124635,MH_MUM_01_S1,MH_MUM_01,SKU_HV_HD_01,2025-09-09,-59
DUMP-003,victim,ORD-124763,MH_MUM_01_S1,MH_MUM_01,SKU_HV_HD_01,2025-09-16,-68
DUMP-004,source,ORD-DUMP-DUMP-004-MH_MUM_02_S2,MH_MUM_02_S2,MH_MUM_02,SKU_HV_HD_01,2024-09-17,122
DUMP-004,victim,ORD-118076,MH_NVM_01_S4,MH_NVM_01,SKU_HV_HD_01,2024-09-16,-54
DUMP-004,victim,ORD-118204,MH_NVM_01_S4,MH_NVM_01,SKU_HV_HD_01,2024-09-23,-45
DUMP-005,source,ORD-DUMP-DUMP-005-MH_PUN_03_S4,MH_PUN_03_S4,MH_PUN_03,SKU_HV_HD_02,2024-02-17,79
DUMP-005,source,ORD-DUMP-DUMP-005-MH_PUN_03_S6,MH_PUN_03_S6,MH_PUN_03,SKU_HV_HD_02,2024-02-13,66
DUMP-005,victim,ORD-114229,MH_BHU_01_S1,MH_BHU_01,SKU_HV_HD_02,2024-02-17,-19
DUMP-005,victim,ORD-114357,MH_BHU_01_S1,MH_BHU_01,SKU_HV_HD_02,2024-02-24,-22
DUMP-006,source,ORD-DUMP-DUMP-006-MH_JAL_01_S2,MH_JAL_01_S2,MH_JAL_01,SKU_HV_HD_02,2023-01-22,108
DUMP-006,source,ORD-DUMP-DUMP-006-MH_JAL_01_S4,MH_JAL_01_S4,MH_JAL_01,SKU_HV_HD_02,2023-01-24,46
DUMP-006,victim,ORD-107136,MH_PAR_01_S3,MH_PAR_01,SKU_HV_HD_02,2023-01-25,-49
DUMP-006,victim,ORD-107264,MH_PAR_01_S3,MH_PAR_01,SKU_HV_HD_02,2023-02-01,-59
DUMP-007,source,ORD-DUMP-DUMP-007-MH_KOL_01_S2,MH_KOL_01_S2,MH_KOL_01,SKU_HV_HD_02,2022-11-25,43
DUMP-007,victim,ORD-105931,MH_NAN_01_S3,MH_NAN_01,SKU_HV_HD_02,2022-11-21,-48
DUMP-007,victim,ORD-106059,MH_NAN_01_S3,MH_NAN_01,SKU_HV_HD_02,2022-11-28,-44
DUMP-008,source,ORD-DUMP-DUMP-008-MH_NSK_01_S1,MH_NSK_01_S1,MH_NSK_01,SKU_HV_HD_01,2024-01-07,51
DUMP-008,victim,ORD-113379,MH_SOL_01_S4,MH_SOL_01,SKU_HV_HD_01,2024-01-02,-38
DUMP-008,victim,ORD-113507,MH_SOL_01_S4,MH_SOL_01,SKU_HV_HD_01,2024-01-09,-39
DUMP-009,source,ORD-DUMP-DUMP-009-MH_MUM_01_S1,MH_MUM_01_S1,MH_MUM_01,SKU_HV_HD_01,2024-01-31,69
DUMP-009,source,ORD-DUMP-DUMP-009-MH_MUM_01_S3,MH_MUM_01_S3,MH_MUM_01,SKU_HV_HD_01,2024-02-03,102
DUMP-009,source,ORD-DUMP-DUMP-009-MH_MUM_01_S2,MH_MUM_01_S2,MH_MUM_01,SKU_HV_HD_01,2024-02-06,47
DUMP-009,victim,ORD-113981,MH_NVM_01_S5,MH_NVM_01,SKU_HV_HD_01,2024-02-05,-37
DUMP-009,victim,ORD-114109,MH_NVM_01_S5,MH_NVM_01,SKU_HV_HD_01,2024-02-12,-37
DUMP-010,source,ORD-DUMP-DUMP-010-MH_SOL_01_S2,MH_SOL_01_S2,MH_SOL_01,SKU_HV_HD_01,2024-12-22,83
DUMP-010,source,ORD-DUMP-DUMP-010-MH_SOL_01_S4,MH_SOL_01_S4,MH_SOL_01,SKU_HV_HD_01,2024-12-22,48
DUMP-010,source,ORD-DUMP-DUMP-010-MH_SOL_01_S1,MH_SOL_01_S1,MH_SOL_01,SKU_HV_HD_01,2024-12-20,24
DUMP-010,victim,ORD-119919,MH_PUN_03_S4,MH_PUN_03,SKU_HV_HD_01,2024-12-25,-27
DUMP-010,victim,ORD-120047,MH_PUN_03_S4,MH_PUN_03,SKU_HV_HD_01,2025-01-01,-23
DUMP-011,source,ORD-DUMP-DUMP-011-MH_NAG_01_S6,MH_NAG_01_S6,MH_NAG_01,SKU_HV_HD_02,2023-10-30,130
DUMP-011,source,ORD-DUMP-DUMP-011-MH_NAG_01_S1,MH_NAG_01_S1,MH_NAG_01,SKU_HV_HD_02,2023-10-25,181
DUMP-011,victim,ORD-112110,MH_PUN_02_S4,MH_PUN_02,SKU_HV_HD_02,2023-10-25,-113
DUMP-011,victim,ORD-112238,MH_PUN_02_S4,MH_PUN_02,SKU_HV_HD_02,2023-11-01,-113
DUMP-012,source,ORD-110208,MH_PAR_01_S3,MH_PAR_01,SKU_HV_HD_01,2023-07-12,58
DUMP-012,victim,ORD-110149,MH_NAG_02_S2,MH_NAG_02,SKU_HV_HD_01,2023-07-10,-49
DUMP-012,victim,ORD-110277,MH_NAG_02_S2,MH_NAG_02,SKU_HV_HD_01,2023-07-17,-42
DUMP-013,source,ORD-DUMP-DUMP-013-MH_JLN_01_S2,MH_JLN_01_S2,MH_JLN_01,SKU_HV_HD_01,2023-07-10,96
DUMP-013,victim,ORD-110197,MH_AUR_01_S1,MH_AUR_01,SKU_HV_HD_01,2023-07-12,-34
DUMP-013,victim,ORD-110325,MH_AUR_01_S1,MH_AUR_01,SKU_HV_HD_01,2023-07-19,-30
DUMP-014,source,ORD-DUMP-DUMP-014-MH_KOL_01_S4,MH_KOL_01_S4,MH_KOL_01,SKU_HV_HD_01,2023-05-09,50
DUMP-014,source,ORD-DUMP-DUMP-014-MH_KOL_01_S3,MH_KOL_01_S3,MH_KOL_01,SKU_HV_HD_01,2023-05-07,92
DUMP-014,victim,ORD-108947,MH_MUM_02_S2,MH_MUM_02,SKU_HV_HD_01,2023-05-05,-58
DUMP-014,victim,ORD-109075,MH_MUM_02_S2,MH_MUM_02,SKU_HV_HD_01,2023-05-12,-74
DUMP-015,source,ORD-DUMP-DUMP-015-MH_SAT_01_S2,MH_SAT_01_S2,MH_SAT_01,SKU_HV_HD_01,2023-06-28,139
DUMP-015,victim,ORD-109885,MH_NVM_01_S5,MH_NVM_01,SKU_HV_HD_01,2023-06-26,-41
DUMP-015,victim,ORD-110013,MH_NVM_01_S5,MH_NVM_01,SKU_HV_HD_01,2023-07-03,-40
DUMP-016,source,ORD-DUMP-DUMP-016-MH_AMR_01_S1,MH_AMR_01_S1,MH_AMR_01,SKU_HV_HD_02,2025-04-18,67
DUMP-016,victim,ORD-122075,MH_MUM_01_S1,MH_MUM_01,SKU_HV_HD_02,2025-04-22,-78
DUMP-016,victim,ORD-122203,MH_MUM_01_S1,MH_MUM_01,SKU_HV_HD_02,2025-04-29,-85
DUMP-017,source,ORD-DUMP-DUMP-017-MH_MUM_02_S3,MH_MUM_02_S3,MH_MUM_02,SKU_HV_HD_02,2023-01-04,333
DUMP-017,source,ORD-DUMP-DUMP-017-MH_MUM_02_S2,MH_MUM_02_S2,MH_MUM_02,SKU_HV_HD_02,2023-01-05,183
DUMP-017,source,ORD-DUMP-DUMP-017-MH_MUM_02_S1,MH_MUM_02_S1,MH_MUM_02,SKU_HV_HD_02,2023-01-05,58
DUMP-017,victim,ORD-106739,MH_NSK_01_S3,MH_NSK_01,SKU_HV_HD_02,2023-01-04,-90
DUMP-017,victim,ORD-106867,MH_NSK_01_S3,MH_NSK_01,SKU_HV_HD_02,2023-01-11,-87
DUMP-018,source,ORD-DUMP-DUMP-018-MH_SOL_01_S2,MH_SOL_01_S2,MH_SOL_01,SKU_HV_HD_02,2025-09-12,170
DUMP-018,victim,ORD-124659,MH_NSK_01_S3,MH_NSK_01,SKU_HV_HD_02,2025-09-10,-134
DUMP-018,victim,ORD-124787,MH_NSK_01_S3,MH_NSK_01,SKU_HV_HD_02,2025-09-17,-137
DUMP-019,source,ORD-DUMP-DUMP-019-MH_JLN_01_S2,MH_JLN_01_S2,MH_JLN_01,SKU_HV_HD_01,2023-07-05,75
DUMP-019,victim,ORD-110099,MH_MUM_02_S2,MH_MUM_02,SKU_HV_HD_01,2023-07-07,-57
DUMP-019,victim,ORD-110227,MH_MUM_02_S2,MH_MUM_02,SKU_HV_HD_01,2023-07-14,-65
DUMP-020,source,ORD-DUMP-DUMP-020-MH_PUN_01_S2,MH_PUN_01_S2,MH_PUN_01,SKU_HV_HD_01,2025-02-26,69
DUMP-020,source,ORD-121124,MH_PUN_01_S4,MH_PUN_01,SKU_HV_HD_01,2025-03-01,40
DUMP-020,victim,ORD-121141,MH_BHU_01_S1,MH_BHU_01,SKU_HV_HD_01,2025-03-01,-19
DUMP-020,victim,ORD-121269,MH_BHU_01_S1,MH_BHU_01,SKU_HV_HD_01,2025-03-08,-23
DUMP-021,source,ORD-DUMP-DUMP-021-MH_PUN_01_S3,MH_PUN_01_S3,MH_PUN_01,SKU_HV_HD_02,2024-01-10,111
DUMP-021,victim,ORD-113502,MH_PUN_02_S2,MH_PUN_02,SKU_HV_HD_02,2024-01-09,-30
DUMP-021,victim,ORD-113630,MH_PUN_02_S2,MH_PUN_02,SKU_HV_HD_02,2024-01-16,-22
DUMP-022,source,ORD-DUMP-DUMP-022-MH_AUR_01_S2,MH_AUR_01_S2,MH_AUR_01,SKU_HV_HD_01,2024-02-22,27
DUMP-022,source,ORD-DUMP-DUMP-022-MH_AUR_01_S1,MH_AUR_01_S1,MH_AUR_01,SKU_HV_HD_01,2024-02-22,70
DUMP-022,victim,ORD-114298,MH_AMR_01_S3,MH_AMR_01,SKU_HV_HD_01,2024-02-21,-16
DUMP-022,victim,ORD-114426,MH_AMR_01_S3,MH_AMR_01,SKU_HV_HD_01,2024-02-28,-27
DUMP-023,source,ORD-DUMP-DUMP-023-MH_JLN_01_S2,MH_JLN_01_S2,MH_JLN_01,SKU_HV_HD_02,2024-01-13,101
DUMP-023,victim,ORD-113485,MH_AKO_01_S1,MH_AKO_01,SKU_HV_HD_02,2024-01-08,-52
DUMP-023,victim,ORD-113613,MH_AKO_01_S1,MH_AKO_01,SKU_HV_HD_02,2024-01-15,-40
DUMP-024,source,ORD-DUMP-DUMP-024-MH_KOL_01_S3,MH_KOL_01_S3,MH_KOL_01,SKU_HV_HD_02,2023-02-19,156
DUMP-024,victim,ORD-107664,MH_JLN_01_S2,MH_JLN_01,SKU_HV_HD_02,2023-02-23,-36
DUMP-024,victim,ORD-107792,MH_JLN_01_S2,MH_JLN_01,SKU_HV_HD_02,2023-03-02,-44
DUMP-025,source,ORD-DUMP-DUMP-025-MH_CND_01_S1,MH_CND_01_S1,MH_CND_01,SKU_HV_HD_01,2022-09-29,33
DUMP-025,source,ORD-104914,MH_CND_01_S3,MH_CND_01,SKU_HV_HD_01,2022-09-26,47
DUMP-025,victim,ORD-105004,MH_AMR_01_S1,MH_AMR_01,SKU_HV_HD_01,2022-10-01,-40
DUMP-025,victim,ORD-105132,MH_AMR_01_S1,MH_AMR_01,SKU_HV_HD_01,2022-10-08,-46
DUMP-026,source,ORD-DUMP-DUMP-026-MH_THN_01_S3,MH_THN_01_S3,MH_THN_01,SKU_HV_HD_02,2024-07-17,122
DUMP-026,source,ORD-DUMP-DUMP-026-MH_THN_01_S2,MH_THN_01_S2,MH_THN_01,SKU_HV_HD_02,2024-07-12,122
DUMP-026,victim,ORD-116939,MH_NAN_01_S3,MH_NAN_01,SKU_HV_HD_02,2024-07-15,-56
DUMP-026,victim,ORD-117067,MH_NAN_01_S3,MH_NAN_01,SKU_HV_HD_02,2024-07-22,-48
DUMP-027,source,ORD-DUMP-DUMP-027-MH_MUM_02_S3,MH_MUM_02_S3,MH_MUM_02,SKU_HV_HD_01,2023-06-21,222
DUMP-027,victim,ORD-109807,MH_PUN_03_S4,MH_PUN_03,SKU_HV_HD_01,2023-06-21,-17
DUMP-027,victim,ORD-109935,MH_PUN_03_S4,MH_PUN_03,SKU_HV_HD_01,2023-06-28,-25
DUMP-028,source,ORD-DUMP-DUMP-028-MH_PUN_02_S1,MH_PUN_02_S1,MH_PUN_02,SKU_HV_HD_02,2022-03-06,55
DUMP-028,source,ORD-DUMP-DUMP-028-MH_PUN_02_S2,MH_PUN_02_S2,MH_PUN_02,SKU_HV_HD_02,2022-03-12,42
DUMP-028,source,ORD-DUMP-DUMP-028-MH_PUN_02_S4,MH_PUN_02_S4,MH_PUN_02,SKU_HV_HD_02,2022-03-10,140
DUMP-028,victim,ORD-101259,MH_SOL_01_S2,MH_SOL_01,SKU_HV_HD_02,2022-03-10,-45
DUMP-028,victim,ORD-101387,MH_SOL_01_S2,MH_SOL_01,SKU_HV_HD_02,2022-03-17,-53
DUMP-029,source,ORD-DUMP-DUMP-029-MH_NAG_02_S4,MH_NAG_02_S4,MH_NAG_02,SKU_HV_HD_02,2023-05-25,68
DUMP-029,source,ORD-109253,MH_NAG_02_S2,MH_NAG_02,SKU_HV_HD_02,2023-05-22,51
DUMP-029,victim,ORD-109362,MH_DHU_01_S2,MH_DHU_01,SKU_HV_HD_02,2023-05-27,-88
DUMP-029,victim,ORD-109490,MH_DHU_01_S2,MH_DHU_01,SKU_HV_HD_02,2023-06-03,-88
DUMP-030,source,ORD-DUMP-DUMP-030-MH_NSK_01_S3,MH_NSK_01_S3,MH_NSK_01,SKU_HV_HD_01,2025-05-12,138
DUMP-030,source,ORD-DUMP-DUMP-030-MH_NSK_01_S2,MH_NSK_01_S2,MH_NSK_01,SKU_HV_HD_01,2025-05-13,80
DUMP-030,victim,ORD-122432,MH_PUN_03_S3,MH_PUN_03,SKU_HV_HD_01,2025-05-12,-21
DUMP-030,victim,ORD-122560,MH_PUN_03_S3,MH_PUN_03,SKU_HV_HD_01,2025-05-19,-15
DUMP-031,source,ORD-102858,MH_AUR_02_S3,MH_AUR_02,SKU_HV_HD_01,2022-06-06,30
DUMP-031,victim,ORD-102878,MH_PUN_02_S2,MH_PUN_02,SKU_HV_HD_01,2022-06-07,-13
DUMP-031,victim,ORD-103006,MH_PUN_02_S2,MH_PUN_02,SKU_HV_HD_01,2022-06-14,-13
DUMP-032,source,ORD-DUMP-DUMP-032-MH_NAG_02_S2,MH_NAG_02_S2,MH_NAG_02,SKU_HV_HD_01,2024-02-03,77
DUMP-032,source,ORD-DUMP-DUMP-032-MH_NAG_02_S4,MH_NAG_02_S4,MH_NAG_02,SKU_HV_HD_01,2024-02-04,99
DUMP-032,victim,ORD-113983,MH_PUN_01_S5,MH_PUN_01,SKU_HV_HD_01,2024-02-05,-42
DUMP-032,victim,ORD-114111,MH_PUN_01_S5,MH_PUN_01,SKU_HV_HD_01,2024-02-12,-36
DUMP-033,source,ORD-DUMP-DUMP-033-MH_SOL_01_S1,MH_SOL_01_S1,MH_SOL_01,SKU_HV_HD_01,2022-04-22,26
DUMP-033,source,ORD-102027,MH_SOL_01_S2,MH_SOL_01,SKU_HV_HD_01,2022-04-21,92
DUMP-033,source,ORD-DUMP-DUMP-033-MH_SOL_01_S4,MH_SOL_01_S4,MH_SOL_01,SKU_HV_HD_01,2022-04-23,53
DUMP-033,victim,ORD-102020,MH_MUM_01_S2,MH_MUM_01,SKU_HV_HD_01,2022-04-21,-25
DUMP-033,victim,ORD-102148,MH_MUM_01_S2,MH_MUM_01,SKU_HV_HD_01,2022-04-28,-30
DUMP-034,source,ORD-DUMP-DUMP-034-MH_PUN_02_S1,MH_PUN_02_S1,MH_PUN_02,SKU_HV_HD_01,2023-11-11,34
DUMP-034,victim,ORD-112522,MH_SOL_01_S1,MH_SOL_01,SKU_HV_HD_01,2023-11-16,-19
DUMP-034,victim,ORD-112650,MH_SOL_01_S1,MH_SOL_01,SKU_HV_HD_01,2023-11-23,-14
DUMP-035,source,ORD-DUMP-DUMP-035-MH_NAG_01_S6,MH_NAG_01_S6,MH_NAG_01,SKU_HV_HD_02,2023-11-26,57
DUMP-035,source,ORD-DUMP-DUMP-035-MH_NAG_01_S1,MH_NAG_01_S1,MH_NAG_01,SKU_HV_HD_02,2023-11-23,79
DUMP-035,victim,ORD-112645,MH_MUM_01_S3,MH_MUM_01,SKU_HV_HD_02,2023-11-23,-137
DUMP-035,victim,ORD-112773,MH_MUM_01_S3,MH_MUM_01,SKU_HV_HD_02,2023-11-30,-120
DUMP-036,source,ORD-DUMP-DUMP-036-MH_LAT_01_S1,MH_LAT_01_S1,MH_LAT_01,SKU_HV_HD_02,2025-07-09,57
DUMP-036,source,ORD-123441,MH_LAT_01_S5,MH_LAT_01,SKU_HV_HD_02,2025-07-05,52
DUMP-036,victim,ORD-123436,MH_AMR_01_S1,MH_AMR_01,SKU_HV_HD_02,2025-07-05,-50
DUMP-036,victim,ORD-123564,MH_AMR_01_S1,MH_AMR_01,SKU_HV_HD_02,2025-07-12,-59
DUMP-037,source,ORD-DUMP-DUMP-037-MH_NAG_01_S1,MH_NAG_01_S1,MH_NAG_01,SKU_HV_HD_02,2022-04-05,180
DUMP-037,victim,ORD-101733,MH_AKO_01_S3,MH_AKO_01,SKU_HV_HD_02,2022-04-05,-37
DUMP-037,victim,ORD-101861,MH_AKO_01_S3,MH_AKO_01,SKU_HV_HD_02,2022-04-12,-33
DUMP-038,source,ORD-DUMP-DUMP-038-MH_CND_01_S1,MH_CND_01_S1,MH_CND_01,SKU_HV_HD_01,2022-11-16,20
DUMP-038,source,ORD-DUMP-DUMP-038-MH_CND_01_S3,MH_CND_01_S3,MH_CND_01,SKU_HV_HD_01,2022-11-16,28
DUMP-038,victim,ORD-105925,MH_NAG_02_S2,MH_NAG_02,SKU_HV_HD_01,2022-11-21,-53
DUMP-038,victim,ORD-106053,MH_NAG_02_S2,MH_NAG_02,SKU_HV_HD_01,2022-11-28,-39
DUMP-039,source,ORD-DUMP-DUMP-039-MH_BRM_01_S1,MH_BRM_01_S1,MH_BRM_01,SKU_HV_HD_02,2025-12-06,51
DUMP-039,source,ORD-DUMP-DUMP-039-MH_BRM_01_S3,MH_BRM_01_S3,MH_BRM_01,SKU_HV_HD_02,2025-12-06,62
DUMP-039,victim,ORD-126346,MH_SOL_01_S1,MH_SOL_01,SKU_HV_HD_02,2025-12-11,-39
DUMP-039,victim,ORD-126474,MH_SOL_01_S1,MH_SOL_01,SKU_HV_HD_02,2025-12-18,-32
DUMP-040,source,ORD-103395,MH_SOL_01_S4,MH_SOL_01,SKU_HV_HD_02,2022-07-05,111
DUMP-040,victim,ORD-103340,MH_AMR_01_S1,MH_AMR_01,SKU_HV_HD_02,2022-07-02,-67
DUMP-040,victim,ORD-103468,MH_AMR_01_S1,MH_AMR_01,SKU_HV_HD_02,2022-07-09,-83
DUMP-041,source,ORD-DUMP-DUMP-041-MH_MUM_01_S2,MH_MUM_01_S2,MH_MUM_01,SKU_HV_HD_02,2025-07-14,97
DUMP-041,source,ORD-DUMP-DUMP-041-MH_MUM_01_S1,MH_MUM_01_S1,MH_MUM_01,SKU_HV_HD_02,2025-07-12,172
DUMP-041,source,ORD-DUMP-DUMP-041-MH_MUM_01_S3,MH_MUM_01_S3,MH_MUM_01,SKU_HV_HD_02,2025-07-14,238
DUMP-041,victim,ORD-123507,MH_NSK_01_S3,MH_NSK_01,SKU_HV_HD_02,2025-07-09,-134
DUMP-041,victim,ORD-123635,MH_NSK_01_S3,MH_NSK_01,SKU_HV_HD_02,2025-07-16,-119
DUMP-042,source,ORD-DUMP-DUMP-042-MH_JAL_01_S4,MH_JAL_01_S4,MH_JAL_01,SKU_HV_HD_01,2025-01-18,55
DUMP-042,source,ORD-DUMP-DUMP-042-MH_JAL_01_S2,MH_JAL_01_S2,MH_JAL_01,SKU_HV_HD_01,2025-01-16,117
DUMP-042,victim,ORD-120288,MH_NAG_01_S6,MH_NAG_01,SKU_HV_HD_01,2025-01-14,-45
DUMP-042,victim,ORD-120416,MH_NAG_01_S6,MH_NAG_01,SKU_HV_HD_01,2025-01-21,-41
DUMP-043,source,ORD-DUMP-DUMP-043-MH_CND_01_S3,MH_CND_01_S3,MH_CND_01,SKU_HV_HD_02,2023-11-15,64
DUMP-043,victim,ORD-112558,MH_NAN_01_S1,MH_NAN_01,SKU_HV_HD_02,2023-11-18,-25
DUMP-043,victim,ORD-112686,MH_NAN_01_S1,MH_NAN_01,SKU_HV_HD_02,2023-11-25,-18
DUMP-044,source,ORD-105181,MH_PUN_02_S1,MH_PUN_02,SKU_HV_HD_02,2022-10-11,54
DUMP-044,source,ORD-DUMP-DUMP-044-MH_PUN_02_S2,MH_PUN_02_S2,MH_PUN_02,SKU_HV_HD_02,2022-10-14,41
DUMP-044,source,ORD-DUMP-DUMP-044-MH_PUN_02_S3,MH_PUN_02_S3,MH_PUN_02,SKU_HV_HD_02,2022-10-14,84
DUMP-044,victim,ORD-105220,MH_MUM_01_S2,MH_MUM_01,SKU_HV_HD_02,2022-10-13,-36
DUMP-044,victim,ORD-105348,MH_MUM_01_S2,MH_MUM_01,SKU_HV_HD_02,2022-10-20,-30
DUMP-045,source,ORD-DUMP-DUMP-045-MH_NVM_01_S1,MH_NVM_01_S1,MH_NVM_01,SKU_HV_HD_01,2025-08-28,50
DUMP-045,source,ORD-DUMP-DUMP-045-MH_NVM_01_S4,MH_NVM_01_S4,MH_NVM_01,SKU_HV_HD_01,2025-08-27,55
DUMP-045,source,ORD-DUMP-DUMP-045-MH_NVM_01_S2,MH_NVM_01_S2,MH_NVM_01,SKU_HV_HD_01,2025-08-31,39
DUMP-045,victim,ORD-124422,MH_PUN_01_S2,MH_PUN_01,SKU_HV_HD_01,2025-08-28,-31
DUMP-045,victim,ORD-124550,MH_PUN_01_S2,MH_PUN_01,SKU_HV_HD_01,2025-09-04,-41
DUMP-046,source,ORD-DUMP-DUMP-046-MH_NSK_01_S3,MH_NSK_01_S3,MH_NSK_01,SKU_HV_HD_01,2025-09-13,163
DUMP-046,source,ORD-DUMP-DUMP-046-MH_NSK_01_S1,MH_NSK_01_S1,MH_NSK_01,SKU_HV_HD_01,2025-09-19,45
DUMP-046,victim,ORD-124778,MH_YAV_01_S5,MH_YAV_01,SKU_HV_HD_01,2025-09-16,-29
DUMP-046,victim,ORD-124906,MH_YAV_01_S5,MH_YAV_01,SKU_HV_HD_01,2025-09-23,-28
DUMP-047,source,ORD-DUMP-DUMP-047-MH_NAG_01_S6,MH_NAG_01_S6,MH_NAG_01,SKU_HV_HD_01,2023-05-01,107
DUMP-047,source,ORD-DUMP-DUMP-047-MH_NAG_01_S1,MH_NAG_01_S1,MH_NAG_01,SKU_HV_HD_01,2023-05-02,130
DUMP-047,victim,ORD-108945,MH_BRM_01_S3,MH_BRM_01,SKU_HV_HD_01,2023-05-04,-33
DUMP-047,victim,ORD-109073,MH_BRM_01_S3,MH_BRM_01,SKU_HV_HD_01,2023-05-11,-39
DUMP-048,source,ORD-DUMP-DUMP-048-MH_LAT_01_S5,MH_LAT_01_S5,MH_LAT_01,SKU_HV_HD_02,2025-04-16,64
DUMP-048,victim,ORD-121996,MH_JAL_01_S4,MH_JAL_01,SKU_HV_HD_02,2025-04-17,-45
DUMP-048,victim,ORD-122124,MH_JAL_01_S4,MH_JAL_01,SKU_HV_HD_02,2025-04-24,-39
DUMP-049,source,ORD-DUMP-DUMP-049-MH_SOL_01_S2,MH_SOL_01_S2,MH_SOL_01,SKU_HV_HD_01,2023-09-06,72
DUMP-049,source,ORD-DUMP-DUMP-049-MH_SOL_01_S4,MH_SOL_01_S4,MH_SOL_01,SKU_HV_HD_01,2023-09-04,41
DUMP-049,source,ORD-DUMP-DUMP-049-MH_SOL_01_S1,MH_SOL_01_S1,MH_SOL_01,SKU_HV_HD_01,2023-09-08,20
DUMP-049,victim,ORD-111210,MH_YAV_01_S5,MH_YAV_01,SKU_HV_HD_01,2023-09-05,-21
DUMP-049,victim,ORD-111338,MH_YAV_01_S5,MH_YAV_01,SKU_HV_HD_01,2023-09-12,-30
DUMP-050,source,ORD-DUMP-DUMP-050-MH_JLN_01_S2,MH_JLN_01_S2,MH_JLN_01,SKU_HV_HD_02,2022-07-20,122
DUMP-050,victim,ORD-103651,MH_SOL_01_S4,MH_SOL_01,SKU_HV_HD_02,2022-07-19,-42
DUMP-050,victim,ORD-103779,MH_SOL_01_S4,MH_SOL_01,SKU_HV_HD_02,2022-07-26,-53
DUMP-051,source,ORD-DUMP-DUMP-051-MH_YAV_01_S2,MH_YAV_01_S2,MH_YAV_01,SKU_HV_HD_02,2022-07-21,66
DUMP-051,victim,ORD-103714,MH_THN_01_S2,MH_THN_01,SKU_HV_HD_02,2022-07-23,-47
DUMP-051,victim,ORD-103842,MH_THN_01_S2,MH_THN_01,SKU_HV_HD_02,2022-07-30,-47
DUMP-052,source,ORD-DUMP-DUMP-052-MH_NAN_01_S2,MH_NAN_01_S2,MH_NAN_01,SKU_HV_HD_01,2023-08-13,44
DUMP-052,source,ORD-DUMP-DUMP-052-MH_NAN_01_S3,MH_NAN_01_S3,MH_NAN_01,SKU_HV_HD_01,2023-08-09,57
DUMP-052,victim,ORD-110726,MH_PUN_01_S2,MH_PUN_01,SKU_HV_HD_01,2023-08-10,-41
DUMP-052,victim,ORD-110854,MH_PUN_01_S2,MH_PUN_01,SKU_HV_HD_01,2023-08-17,-32
DUMP-053,source,ORD-DUMP-DUMP-053-MH_AHM_01_S2,MH_AHM_01_S2,MH_AHM_01,SKU_HV_HD_02,2024-04-16,132
DUMP-053,victim,ORD-115281,MH_CND_01_S1,MH_CND_01,SKU_HV_HD_02,2024-04-15,-23
DUMP-053,victim,ORD-115409,MH_CND_01_S1,MH_CND_01,SKU_HV_HD_02,2024-04-22,-20
DUMP-054,source,ORD-DUMP-DUMP-054-MH_DHU_01_S2,MH_DHU_01_S2,MH_DHU_01,SKU_HV_HD_01,2022-07-14,53
DUMP-054,victim,ORD-103605,MH_BHU_01_S1,MH_BHU_01,SKU_HV_HD_01,2022-07-16,-23
DUMP-054,victim,ORD-103733,MH_BHU_01_S1,MH_BHU_01,SKU_HV_HD_01,2022-07-23,-23
DUMP-055,source,ORD-DUMP-DUMP-055-MH_MUM_02_S2,MH_MUM_02_S2,MH_MUM_02,SKU_HV_HD_02,2024-10-27,123
DUMP-055,source,ORD-DUMP-DUMP-055-MH_MUM_02_S3,MH_MUM_02_S3,MH_MUM_02,SKU_HV_HD_02,2024-10-28,224
DUMP-055,victim,ORD-118870,MH_BED_01_S3,MH_BED_01,SKU_HV_HD_02,2024-10-28,-44
DUMP-055,victim,ORD-118998,MH_BED_01_S3,MH_BED_01,SKU_HV_HD_02,2024-11-04,-55
DUMP-056,source,ORD-DUMP-DUMP-056-MH_JLN_01_S2,MH_JLN_01_S2,MH_JLN_01,SKU_HV_HD_02,2023-11-05,127
DUMP-056,victim,ORD-112343,MH_YAV_01_S2,MH_YAV_01,SKU_HV_HD_02,2023-11-06,-59
DUMP-056,victim,ORD-112471,MH_YAV_01_S2,MH_YAV_01,SKU_HV_HD_02,2023-11-13,-50
DUMP-057,source,ORD-DUMP-DUMP-057-MH_AUR_01_S4,MH_AUR_01_S4,MH_AUR_01,SKU_HV_HD_02,2022-06-08,76
DUMP-057,victim,ORD-102825,MH_NSK_02_S3,MH_NSK_02,SKU_HV_HD_02,2022-06-04,-17
DUMP-057,victim,ORD-102953,MH_NSK_02_S3,MH_NSK_02,SKU_HV_HD_02,2022-06-11,-16
DUMP-058,source,ORD-DUMP-DUMP-058-MH_KOL_01_S4,MH_KOL_01_S4,MH_KOL_01,SKU_HV_HD_01,2023-06-22,73
DUMP-058,source,ORD-109815,MH_KOL_01_S3,MH_KOL_01,SKU_HV_HD_01,2023-06-21,133
DUMP-058,victim,ORD-109736,MH_NAG_02_S4,MH_NAG_02,SKU_HV_HD_01,2023-06-17,-33
DUMP-058,victim,ORD-109864,MH_NAG_02_S4,MH_NAG_02,SKU_HV_HD_01,2023-06-24,-33
DUMP-059,source,ORD-DUMP-DUMP-059-MH_PAR_01_S3,MH_PAR_01_S3,MH_PAR_01,SKU_HV_HD_01,2025-09-22,50
DUMP-059,victim,ORD-124838,MH_PUN_02_S3,MH_PUN_02,SKU_HV_HD_01,2025-09-20,-57
DUMP-059,victim,ORD-124966,MH_PUN_02_S3,MH_PUN_02,SKU_HV_HD_01,2025-09-27,-53
DUMP-060,source,ORD-DUMP-DUMP-060-MH_NVM_01_S1,MH_NVM_01_S1,MH_NVM_01,SKU_HV_HD_01,2022-03-21,51
DUMP-060,source,ORD-DUMP-DUMP-060-MH_NVM_01_S3,MH_NVM_01_S3,MH_NVM_01,SKU_HV_HD_01,2022-03-22,25
DUMP-060,source,ORD-DUMP-DUMP-060-MH_NVM_01_S2,MH_NVM_01_S2,MH_NVM_01,SKU_HV_HD_01,2022-03-19,40
DUMP-060,victim,ORD-101429,MH_BHU_01_S1,MH_BHU_01,SKU_HV_HD_01,2022-03-19,-27
DUMP-060,victim,ORD-101557,MH_BHU_01_S1,MH_BHU_01,SKU_HV_HD_01,2022-03-26,-27
DUMP-061,source,ORD-DUMP-DUMP-061-MH_KOL_01_S3,MH_KOL_01_S3,MH_KOL_01,SKU_HV_HD_02,2025-03-21,155
DUMP-061,source,ORD-DUMP-DUMP-061-MH_KOL_01_S2,MH_KOL_01_S2,MH_KOL_01,SKU_HV_HD_02,2025-03-24,57
DUMP-061,victim,ORD-121516,MH_AMR_01_S1,MH_AMR_01,SKU_HV_HD_02,2025-03-22,-51
DUMP-061,victim,ORD-121644,MH_AMR_01_S1,MH_AMR_01,SKU_HV_HD_02,2025-03-29,-54
DUMP-062,source,ORD-DUMP-DUMP-062-MH_NSK_01_S2,MH_NSK_01_S2,MH_NSK_01,SKU_HV_HD_01,2022-11-27,91
DUMP-062,source,ORD-DUMP-DUMP-062-MH_NSK_01_S1,MH_NSK_01_S1,MH_NSK_01,SKU_HV_HD_01,2022-11-29,44
DUMP-062,source,ORD-DUMP-DUMP-062-MH_NSK_01_S3,MH_NSK_01_S3,MH_NSK_01,SKU_HV_HD_01,2022-11-29,158
DUMP-062,victim,ORD-106069,MH_BED_01_S1,MH_BED_01,SKU_HV_HD_01,2022-11-28,-17
DUMP-062,victim,ORD-106197,MH_BED_01_S1,MH_BED_01,SKU_HV_HD_01,2022-12-05,-20
DUMP-063,source,ORD-108277,MH_AUR_01_S1,MH_AUR_01,SKU_HV_HD_01,2023-03-29,61
DUMP-063,victim,ORD-108229,MH_NAG_02_S2,MH_NAG_02,SKU_HV_HD_01,2023-03-27,-30
DUMP-063,victim,ORD-108357,MH_NAG_02_S2,MH_NAG_02,SKU_HV_HD_01,2023-04-03,-28
DUMP-064,source,ORD-DUMP-DUMP-064-MH_AUR_02_S5,MH_AUR_02_S5,MH_AUR_02,SKU_HV_HD_02,2025-02-09,70
DUMP-064,source,ORD-120778,MH_AUR_02_S3,MH_AUR_02,SKU_HV_HD_02,2025-02-10,42
DUMP-064,victim,ORD-120722,MH_MUM_02_S1,MH_MUM_02,SKU_HV_HD_02,2025-02-07,-27
DUMP-064,victim,ORD-120850,MH_MUM_02_S1,MH_MUM_02,SKU_HV_HD_02,2025-02-14,-30
DUMP-065,source,ORD-125729,MH_MUM_02_S3,MH_MUM_02,SKU_HV_HD_02,2025-11-08,321
DUMP-065,source,ORD-125715,MH_MUM_02_S2,MH_MUM_02,SKU_HV_HD_02,2025-11-07,177
DUMP-065,victim,ORD-125732,MH_PUN_01_S4,MH_PUN_01,SKU_HV_HD_02,2025-11-08,-40
DUMP-065,victim,ORD-125860,MH_PUN_01_S4,MH_PUN_01,SKU_HV_HD_02,2025-11-15,-33
DUMP-066,source,ORD-DUMP-DUMP-066-MH_SOL_01_S2,MH_SOL_01_S2,MH_SOL_01,SKU_HV_HD_01,2022-10-05,92
DUMP-066,source,ORD-DUMP-DUMP-066-MH_SOL_01_S4,MH_SOL_01_S4,MH_SOL_01,SKU_HV_HD_01,2022-10-06,53
DUMP-066,source,ORD-DUMP-DUMP-066-MH_SOL_01_S1,MH_SOL_01_S1,MH_SOL_01,SKU_HV_HD_01,2022-10-09,26
DUMP-066,victim,ORD-105100,MH_JAL_01_S4,MH_JAL_01,SKU_HV_HD_01,2022-10-06,-17
DUMP-066,victim,ORD-105228,MH_JAL_01_S4,MH_JAL_01,SKU_HV_HD_01,2022-10-13,-19
DUMP-067,source,ORD-DUMP-DUMP-067-MH_LAT_01_S5,MH_LAT_01_S5,MH_LAT_01,SKU_HV_HD_02,2023-03-07,58
DUMP-067,source,ORD-DUMP-DUMP-067-MH_LAT_01_S1,MH_LAT_01_S1,MH_LAT_01,SKU_HV_HD_02,2023-03-06,63
DUMP-067,victim,ORD-107841,MH_NAG_01_S1,MH_NAG_01,SKU_HV_HD_02,2023-03-06,-75
DUMP-067,victim,ORD-107969,MH_NAG_01_S1,MH_NAG_01,SKU_HV_HD_02,2023-03-13,-67
DUMP-068,source,ORD-DUMP-DUMP-068-MH_NSK_01_S1,MH_NSK_01_S1,MH_NSK_01,SKU_HV_HD_02,2024-06-28,30
DUMP-068,source,ORD-DUMP-DUMP-068-MH_NSK_01_S2,MH_NSK_01_S2,MH_NSK_01,SKU_HV_HD_02,2024-06-27,59
DUMP-068,source,ORD-116595,MH_NSK_01_S3,MH_NSK_01,SKU_HV_HD_02,2024-06-26,112
DUMP-068,victim,ORD-116586,MH_YAV_01_S5,MH_YAV_01,SKU_HV_HD_02,2024-06-25,-23
DUMP-068,victim,ORD-116714,MH_YAV_01_S5,MH_YAV_01,SKU_HV_HD_02,2024-07-02,-23
DUMP-069,source,ORD-DUMP-DUMP-069-MH_NAN_01_S3,MH_NAN_01_S3,MH_NAN_01,SKU_HV_HD_02,2025-01-28,94
DUMP-069,source,ORD-DUMP-DUMP-069-MH_NAN_01_S6,MH_NAN_01_S6,MH_NAN_01,SKU_HV_HD_02,2025-01-23,73
DUMP-069,victim,ORD-120461,MH_AKO_01_S2,MH_AKO_01,SKU_HV_HD_02,2025-01-23,-44
DUMP-069,victim,ORD-120589,MH_AKO_01_S2,MH_AKO_01,SKU_HV_HD_02,2025-01-30,-51
DUMP-070,source,ORD-103862,MH_BHU_01_S3,MH_BHU_01,SKU_HV_HD_02,2022-07-30,57
DUMP-070,victim,ORD-103803,MH_AMR_01_S4,MH_AMR_01,SKU_HV_HD_02,2022-07-27,-24
DUMP-070,victim,ORD-103931,MH_AMR_01_S4,MH_AMR_01,SKU_HV_HD_02,2022-08-03,-30
DUMP-071,source,ORD-122000,MH_JLN_01_S2,MH_JLN_01,SKU_HV_HD_01,2025-04-17,69
DUMP-071,victim,ORD-121976,MH_KOL_01_S4,MH_KOL_01,SKU_HV_HD_01,2025-04-16,-33
DUMP-071,victim,ORD-122104,MH_KOL_01_S4,MH_KOL_01,SKU_HV_HD_01,2025-04-23,-32
DUMP-072,source,ORD-105071,MH_PUN_03_S4,MH_PUN_03,SKU_HV_HD_01,2022-10-05,36
DUMP-072,source,ORD-105073,MH_PUN_03_S6,MH_PUN_03,SKU_HV_HD_01,2022-10-05,32
DUMP-072,victim,ORD-105106,MH_MUM_02_S1,MH_MUM_02,SKU_HV_HD_01,2022-10-07,-19
DUMP-072,victim,ORD-105234,MH_MUM_02_S1,MH_MUM_02,SKU_HV_HD_01,2022-10-14,-22
DUMP-073,source,ORD-DUMP-DUMP-073-MH_PUN_03_S4,MH_PUN_03_S4,MH_PUN_03,SKU_HV_HD_02,2022-12-17,73
DUMP-073,source,ORD-DUMP-DUMP-073-MH_PUN_03_S1,MH_PUN_03_S1,MH_PUN_03,SKU_HV_HD_02,2022-12-19,55
DUMP-073,source,ORD-106432,MH_PUN_03_S3,MH_PUN_03,SKU_HV_HD_02,2022-12-19,50
DUMP-073,victim,ORD-106421,MH_BHU_01_S1,MH_BHU_01,SKU_HV_HD_02,2022-12-17,-24
DUMP-073,victim,ORD-106549,MH_BHU_01_S1,MH_BHU_01,SKU_HV_HD_02,2022-12-24,-26
DUMP-074,source,ORD-102952,MH_NAG_02_S4,MH_NAG_02,SKU_HV_HD_01,2022-06-11,74
DUMP-074,source,ORD-102981,MH_NAG_02_S2,MH_NAG_02,SKU_HV_HD_01,2022-06-13,58
DUMP-074,victim,ORD-102931,MH_MUM_02_S2,MH_MUM_02,SKU_HV_HD_01,2022-06-10,-32
DUMP-074,victim,ORD-103059,MH_MUM_02_S2,MH_MUM_02,SKU_HV_HD_01,2022-06-17,-45
DUMP-075,source,ORD-DUMP-DUMP-075-MH_PUN_03_S4,MH_PUN_03_S4,MH_PUN_03,SKU_HV_HD_02,2025-05-05,45
DUMP-075,victim,ORD-122289,MH_LAT_01_S5,MH_LAT_01,SKU_HV_HD_02,2025-05-03,-43
DUMP-075,victim,ORD-122417,MH_LAT_01_S5,MH_LAT_01,SKU_HV_HD_02,2025-05-10,-34
DUMP-076,source,ORD-DUMP-DUMP-076-MH_BED_01_S1,MH_BED_01_S1,MH_BED_01,SKU_HV_HD_02,2023-11-26,31
DUMP-076,source,ORD-DUMP-DUMP-076-MH_BED_01_S3,MH_BED_01_S3,MH_BED_01,SKU_HV_HD_02,2023-11-24,53
DUMP-076,victim,ORD-112653,MH_AKO_01_S2,MH_AKO_01,SKU_HV_HD_02,2023-11-23,-35
DUMP-076,victim,ORD-112781,MH_AKO_01_S2,MH_AKO_01,SKU_HV_HD_02,2023-11-30,-39
DUMP-077,source,ORD-DUMP-DUMP-077-MH_KOL_01_S3,MH_KOL_01_S3,MH_KOL_01,SKU_HV_HD_01,2023-05-25,61
DUMP-077,source,ORD-DUMP-DUMP-077-MH_KOL_01_S2,MH_KOL_01_S2,MH_KOL_01,SKU_HV_HD_01,2023-05-29,19
DUMP-077,victim,ORD-109347,MH_THN_01_S3,MH_THN_01,SKU_HV_HD_01,2023-05-27,-40
DUMP-077,victim,ORD-109475,MH_THN_01_S3,MH_THN_01,SKU_HV_HD_01,2023-06-03,-29
DUMP-078,source,ORD-DUMP-DUMP-078-MH_JLN_01_S2,MH_JLN_01_S2,MH_JLN_01,SKU_HV_HD_02,2024-04-01,57
DUMP-078,victim,ORD-115013,MH_NAG_02_S2,MH_NAG_02,SKU_HV_HD_02,2024-04-01,-40
DUMP-078,victim,ORD-115141,MH_NAG_02_S2,MH_NAG_02,SKU_HV_HD_02,2024-04-08,-35
DUMP-079,source,ORD-DUMP-DUMP-079-MH_SAT_01_S2,MH_SAT_01_S2,MH_SAT_01,SKU_HV_HD_01,2022-10-25,77
DUMP-079,victim,ORD-105469,MH_NAN_01_S6,MH_NAN_01,SKU_HV_HD_01,2022-10-26,-24
DUMP-079,victim,ORD-105597,MH_NAN_01_S6,MH_NAN_01,SKU_HV_HD_01,2022-11-02,-26
DUMP-080,source,ORD-DUMP-DUMP-080-MH_YAV_01_S5,MH_YAV_01_S5,MH_YAV_01,SKU_HV_HD_01,2023-02-02,35
DUMP-080,source,ORD-DUMP-DUMP-080-MH_YAV_01_S2,MH_YAV_01_S2,MH_YAV_01,SKU_HV_HD_01,2023-01-31,59
DUMP-080,victim,ORD-107211,MH_NAN_01_S3,MH_NAN_01,SKU_HV_HD_01,2023-01-30,-23
DUMP-080,victim,ORD-107339,MH_NAN_01_S3,MH_NAN_01,SKU_HV_HD_01,2023-02-06,-22
DUMP-081,source,ORD-DUMP-DUMP-081-MH_SOL_01_S2,MH_SOL_01_S2,MH_SOL_01,SKU_HV_HD_01,2024-07-14,111
DUMP-081,victim,ORD-116885,MH_PUN_01_S3,MH_PUN_01,SKU_HV_HD_01,2024-07-12,-46
DUMP-081,victim,ORD-117013,MH_PUN_01_S3,MH_PUN_01,SKU_HV_HD_01,2024-07-19,-56
DUMP-082,source,ORD-DUMP-DUMP-082-MH_NAG_01_S1,MH_NAG_01_S1,MH_NAG_01,SKU_HV_HD_01,2025-01-28,62
DUMP-082,source,ORD-DUMP-DUMP-082-MH_NAG_01_S6,MH_NAG_01_S6,MH_NAG_01,SKU_HV_HD_01,2025-01-22,51
DUMP-082,victim,ORD-120545,MH_AUR_01_S4,MH_AUR_01,SKU_HV_HD_01,2025-01-28,-59
DUMP-082,victim,ORD-120673,MH_AUR_01_S4,MH_AUR_01,SKU_HV_HD_01,2025-02-04,-40
DUMP-083,source,ORD-DUMP-DUMP-083-MH_SAT_01_S2,MH_SAT_01_S2,MH_SAT_01,SKU_HV_HD_01,2022-12-01,119
DUMP-083,victim,ORD-106156,MH_AMR_01_S1,MH_AMR_01,SKU_HV_HD_01,2022-12-03,-28
DUMP-083,victim,ORD-106284,MH_AMR_01_S1,MH_AMR_01,SKU_HV_HD_01,2022-12-10,-32
DUMP-084,source,ORD-DUMP-DUMP-084-MH_NAG_01_S1,MH_NAG_01_S1,MH_NAG_01,SKU_HV_HD_01,2025-12-19,119
DUMP-084,victim,ORD-126583,MH_KOL_01_S3,MH_KOL_01,SKU_HV_HD_01,2025-12-24,-64
DUMP-085,source,ORD-DUMP-DUMP-085-MH_AMR_01_S4,MH_AMR_01_S4,MH_AMR_01,SKU_HV_HD_02,2022-01-28,42
DUMP-085,victim,ORD-100588,MH_NVM_01_S1,MH_NVM_01,SKU_HV_HD_02,2022-02-02,-30
DUMP-085,victim,ORD-100716,MH_NVM_01_S1,MH_NVM_01,SKU_HV_HD_02,2022-02-09,-34
DUMP-086,source,ORD-108403,MH_NSK_01_S3,MH_NSK_01,SKU_HV_HD_01,2023-04-05,167
DUMP-086,victim,ORD-108380,MH_THN_01_S1,MH_THN_01,SKU_HV_HD_01,2023-04-04,-81
DUMP-086,victim,ORD-108508,MH_THN_01_S1,MH_THN_01,SKU_HV_HD_01,2023-04-11,-68
DUMP-087,source,ORD-DUMP-DUMP-087-MH_PUN_03_S4,MH_PUN_03_S4,MH_PUN_03,SKU_HV_HD_02,2023-02-09,52
DUMP-087,source,ORD-DUMP-DUMP-087-MH_PUN_03_S6,MH_PUN_03_S6,MH_PUN_03,SKU_HV_HD_02,2023-02-05,43
DUMP-087,victim,ORD-107324,MH_NVM_01_S4,MH_NVM_01,SKU_HV_HD_02,2023-02-06,-58
DUMP-087,victim,ORD-107452,MH_NVM_01_S4,MH_NVM_01,SKU_HV_HD_02,2023-02-13,-52
DUMP-088,source,ORD-DUMP-DUMP-088-MH_PUN_01_S5,MH_PUN_01_S5,MH_PUN_01,SKU_HV_HD_01,2024-10-12,104
DUMP-088,victim,ORD-118624,MH_NAG_01_S6,MH_NAG_01,SKU_HV_HD_01,2024-10-15,-62
DUMP-088,victim,ORD-118752,MH_NAG_01_S6,MH_NAG_01,SKU_HV_HD_01,2024-10-22,-62
DUMP-089,source,ORD-DUMP-DUMP-089-MH_SOL_01_S1,MH_SOL_01_S1,MH_SOL_01,SKU_HV_HD_01,2025-01-03,28
DUMP-089,source,ORD-DUMP-DUMP-089-MH_SOL_01_S4,MH_SOL_01_S4,MH_SOL_01,SKU_HV_HD_01,2025-01-04,58
DUMP-089,source,ORD-DUMP-DUMP-089-MH_SOL_01_S2,MH_SOL_01_S2,MH_SOL_01,SKU_HV_HD_01,2024-12-31,100
DUMP-089,victim,ORD-120110,MH_NAN_01_S1,MH_NAN_01,SKU_HV_HD_01,2025-01-04,-30
DUMP-089,victim,ORD-120238,MH_NAN_01_S1,MH_NAN_01,SKU_HV_HD_01,2025-01-11,-30
DUMP-090,source,ORD-DUMP-DUMP-090-MH_SOL_01_S1,MH_SOL_01_S1,MH_SOL_01,SKU_HV_HD_02,2024-08-02,31
DUMP-090,source,ORD-DUMP-DUMP-090-MH_SOL_01_S2,MH_SOL_01_S2,MH_SOL_01,SKU_HV_HD_02,2024-08-06,143
DUMP-090,victim,ORD-117266,MH_MUM_02_S1,MH_MUM_02,SKU_HV_HD_02,2024-08-02,-29
DUMP-090,victim,ORD-117394,MH_MUM_02_S1,MH_MUM_02,SKU_HV_HD_02,2024-08-09,-19
DUMP-091,source,ORD-DUMP-DUMP-091-MH_NVM_01_S3,MH_NVM_01_S3,MH_NVM_01,SKU_HV_HD_01,2025-11-13,35
DUMP-091,victim,ORD-125903,MH_AHM_01_S3,MH_AHM_01,SKU_HV_HD_01,2025-11-17,-63
DUMP-091,victim,ORD-126031,MH_AHM_01_S3,MH_AHM_01,SKU_HV_HD_01,2025-11-24,-73
DUMP-092,source,ORD-DUMP-DUMP-092-MH_PUN_02_S3,MH_PUN_02_S3,MH_PUN_02,SKU_HV_HD_02,2022-08-28,82
DUMP-092,source,ORD-DUMP-DUMP-092-MH_PUN_02_S2,MH_PUN_02_S2,MH_PUN_02,SKU_HV_HD_02,2022-08-24,40
DUMP-092,victim,ORD-104277,MH_BED_01_S1,MH_BED_01,SKU_HV_HD_02,2022-08-22,-27
DUMP-092,victim,ORD-104405,MH_BED_01_S1,MH_BED_01,SKU_HV_HD_02,2022-08-29,-33
DUMP-093,source,ORD-DUMP-DUMP-093-MH_NAG_01_S1,MH_NAG_01_S1,MH_NAG_01,SKU_HV_HD_02,2023-01-20,151
DUMP-093,source,ORD-DUMP-DUMP-093-MH_NAG_01_S6,MH_NAG_01_S6,MH_NAG_01,SKU_HV_HD_02,2023-01-20,108
DUMP-093,victim,ORD-106991,MH_PUN_03_S4,MH_PUN_03,SKU_HV_HD_02,2023-01-18,-41
DUMP-093,victim,ORD-107119,MH_PUN_03_S4,MH_PUN_03,SKU_HV_HD_02,2023-01-25,-41
DUMP-094,source,ORD-DUMP-DUMP-094-MH_CND_01_S3,MH_CND_01_S3,MH_CND_01,SKU_HV_HD_01,2024-02-18,46
DUMP-094,source,ORD-DUMP-DUMP-094-MH_CND_01_S1,MH_CND_01_S1,MH_CND_01,SKU_HV_HD_01,2024-02-18,33
DUMP-094,victim,ORD-114311,MH_NSK_01_S1,MH_NSK_01,SKU_HV_HD_01,2024-02-22,-25
DUMP-094,victim,ORD-114439,MH_NSK_01_S1,MH_NSK_01,SKU_HV_HD_01,2024-02-29,-21
DUMP-095,source,ORD-103707,MH_LAT_01_S1,MH_LAT_01,SKU_HV_HD_02,2022-07-22,76
DUMP-095,victim,ORD-103611,MH_NVM_01_S2,MH_NVM_01,SKU_HV_HD_02,2022-07-18,-48
DUMP-095,victim,ORD-103739,MH_NVM_01_S2,MH_NVM_01,SKU_HV_HD_02,2022-07-25,-37
DUMP-096,source,ORD-DUMP-DUMP-096-MH_PAR_01_S3,MH_PAR_01_S3,MH_PAR_01,SKU_HV_HD_01,2022-05-09,48
DUMP-096,victim,ORD-102410,MH_SOL_01_S1,MH_SOL_01,SKU_HV_HD_01,2022-05-12,-17
DUMP-096,victim,ORD-102538,MH_SOL_01_S1,MH_SOL_01,SKU_HV_HD_01,2022-05-19,-20
DUMP-097,source,ORD-DUMP-DUMP-097-MH_NSK_02_S1,MH_NSK_02_S1,MH_NSK_02,SKU_HV_HD_02,2025-10-08,27
DUMP-097,victim,ORD-125141,MH_BED_01_S1,MH_BED_01,SKU_HV_HD_02,2025-10-06,-40
DUMP-097,victim,ORD-125269,MH_BED_01_S1,MH_BED_01,SKU_HV_HD_02,2025-10-13,-34
DUMP-098,source,ORD-DUMP-DUMP-098-MH_YAV_01_S2,MH_YAV_01_S2,MH_YAV_01,SKU_HV_HD_01,2024-09-12,64
DUMP-098,source,ORD-DUMP-DUMP-098-MH_YAV_01_S5,MH_YAV_01_S5,MH_YAV_01,SKU_HV_HD_01,2024-09-14,38
DUMP-098,victim,ORD-118057,MH_NSK_02_S3,MH_NSK_02,SKU_HV_HD_01,2024-09-14,-12
DUMP-098,victim,ORD-118185,MH_NSK_02_S3,MH_NSK_02,SKU_HV_HD_01,2024-09-21,-20
DUMP-099,source,ORD-DUMP-DUMP-099-MH_BRM_01_S3,MH_BRM_01_S3,MH_BRM_01,SKU_HV_HD_02,2022-07-08,97
DUMP-099,source,ORD-DUMP-DUMP-099-MH_BRM_01_S1,MH_BRM_01_S1,MH_BRM_01,SKU_HV_HD_02,2022-07-10,79
DUMP-099,victim,ORD-103504,MH_AHM_01_S5,MH_AHM_01,SKU_HV_HD_02,2022-07-11,-24
DUMP-099,victim,ORD-103632,MH_AHM_01_S5,MH_AHM_01,SKU_HV_HD_02,2022-07-18,-21
DUMP-100,source,ORD-DUMP-DUMP-100-MH_THN_01_S2,MH_THN_01_S2,MH_THN_01,SKU_HV_HD_01,2023-04-05,95
DUMP-100,source,ORD-DUMP-DUMP-100-MH_THN_01_S3,MH_THN_01_S3,MH_THN_01,SKU_HV_HD_01,2023-04-03,97
DUMP-100,source,ORD-DUMP-DUMP-100-MH_THN_01_S1,MH_THN_01_S1,MH_THN_01,SKU_HV_HD_01,2023-04-02,180
DUMP-100,victim,ORD-108456,MH_NAG_02_S4,MH_NAG_02,SKU_HV_HD_01,2023-04-08,-48
DUMP-100,victim,ORD-108584,MH_NAG_02_S4,MH_NAG_02,SKU_HV_HD_01,2023-04-15,-49
DUMP-101,source,ORD-116207,MH_PUN_03_S4,MH_PUN_03,SKU_HV_HD_02,2024-06-05,74
DUMP-101,victim,ORD-116213,MH_AUR_01_S1,MH_AUR_01,SKU_HV_HD_02,2024-06-05,-78
DUMP-101,victim,ORD-116341,MH_AUR_01_S1,MH_AUR_01,SKU_HV_HD_02,2024-06-12,-97
DUMP-102,source,ORD-DUMP-DUMP-102-MH_BHU_01_S1,MH_BHU_01_S1,MH_BHU_01,SKU_HV_HD_01,2024-10-25,49
DUMP-102,source,ORD-DUMP-DUMP-102-MH_BHU_01_S3,MH_BHU_01_S3,MH_BHU_01,SKU_HV_HD_01,2024-10-24,46
DUMP-102,victim,ORD-118869,MH_BED_01_S1,MH_BED_01,SKU_HV_HD_01,2024-10-28,-15
DUMP-102,victim,ORD-118997,MH_BED_01_S1,MH_BED_01,SKU_HV_HD_01,2024-11-04,-24
DUMP-103,source,ORD-DUMP-DUMP-103-MH_BHU_01_S1,MH_BHU_01_S1,MH_BHU_01,SKU_HV_HD_02,2025-11-06,47
DUMP-103,victim,ORD-125718,MH_PUN_03_S1,MH_PUN_03,SKU_HV_HD_02,2025-11-07,-37
DUMP-103,victim,ORD-125846,MH_PUN_03_S1,MH_PUN_03,SKU_HV_HD_02,2025-11-14,-37
DUMP-104,source,ORD-DUMP-DUMP-104-MH_PUN_02_S4,MH_PUN_02_S4,MH_PUN_02,SKU_HV_HD_01,2024-11-05,154
DUMP-104,source,ORD-DUMP-DUMP-104-MH_PUN_02_S3,MH_PUN_02_S3,MH_PUN_02,SKU_HV_HD_01,2024-11-04,88
DUMP-104,victim,ORD-118987,MH_NAN_01_S3,MH_NAN_01,SKU_HV_HD_01,2024-11-04,-40
DUMP-104,victim,ORD-119115,MH_NAN_01_S3,MH_NAN_01,SKU_HV_HD_01,2024-11-11,-45
DUMP-105,source,ORD-DUMP-DUMP-105-MH_BHU_01_S1,MH_BHU_01_S1,MH_BHU_01,SKU_HV_HD_01,2022-02-16,32
DUMP-105,source,ORD-100790,MH_BHU_01_S3,MH_BHU_01,SKU_HV_HD_01,2022-02-12,31
DUMP-105,victim,ORD-100843,MH_BRM_01_S1,MH_BRM_01,SKU_HV_HD_01,2022-02-15,-27
DUMP-105,victim,ORD-100971,MH_BRM_01_S1,MH_BRM_01,SKU_HV_HD_01,2022-02-22,-23
DUMP-106,source,ORD-DUMP-DUMP-106-MH_PUN_03_S4,MH_PUN_03_S4,MH_PUN_03,SKU_HV_HD_01,2022-02-27,61
DUMP-106,source,ORD-DUMP-DUMP-106-MH_PUN_03_S6,MH_PUN_03_S6,MH_PUN_03,SKU_HV_HD_01,2022-03-01,53
DUMP-106,victim,ORD-101102,MH_PUN_02_S4,MH_PUN_02,SKU_HV_HD_01,2022-03-02,-74
DUMP-106,victim,ORD-101230,MH_PUN_02_S4,MH_PUN_02,SKU_HV_HD_01,2022-03-09,-78
DUMP-107,source,ORD-DUMP-DUMP-107-MH_BED_01_S1,MH_BED_01_S1,MH_BED_01,SKU_HV_HD_02,2024-07-20,53
DUMP-107,victim,ORD-117133,MH_AKO_01_S2,MH_AKO_01,SKU_HV_HD_02,2024-07-25,-71
DUMP-107,victim,ORD-117261,MH_AKO_01_S2,MH_AKO_01,SKU_HV_HD_02,2024-08-01,-47
DUMP-108,source,ORD-DUMP-DUMP-108-MH_SOL_01_S1,MH_SOL_01_S1,MH_SOL_01,SKU_HV_HD_01,2023-12-18,17
DUMP-108,victim,ORD-113110,MH_BED_01_S3,MH_BED_01,SKU_HV_HD_01,2023-12-18,-36
DUMP-108,victim,ORD-113238,MH_BED_01_S3,MH_BED_01,SKU_HV_HD_01,2023-12-25,-38
DUMP-109,source,ORD-DUMP-DUMP-109-MH_AUR_02_S3,MH_AUR_02_S3,MH_AUR_02,SKU_HV_HD_01,2023-05-31,32
DUMP-109,victim,ORD-109519,MH_AHM_01_S3,MH_AHM_01,SKU_HV_HD_01,2023-06-05,-48
DUMP-109,victim,ORD-109647,MH_AHM_01_S3,MH_AHM_01,SKU_HV_HD_01,2023-06-12,-44
DUMP-110,source,ORD-DUMP-DUMP-110-MH_PUN_03_S1,MH_PUN_03_S1,MH_PUN_03,SKU_HV_HD_02,2022-10-02,36
DUMP-110,victim,ORD-105041,MH_CND_01_S1,MH_CND_01,SKU_HV_HD_02,2022-10-03,-17
DUMP-110,victim,ORD-105169,MH_CND_01_S1,MH_CND_01,SKU_HV_HD_02,2022-10-10,-16
DUMP-111,source,ORD-113237,MH_BED_01_S1,MH_BED_01,SKU_HV_HD_02,2023-12-25,35
DUMP-111,source,ORD-DUMP-DUMP-111-MH_BED_01_S3,MH_BED_01_S3,MH_BED_01,SKU_HV_HD_02,2023-12-19,61
DUMP-111,victim,ORD-113135,MH_PUN_03_S4,MH_PUN_03,SKU_HV_HD_02,2023-12-20,-35
DUMP-111,victim,ORD-113263,MH_PUN_03_S4,MH_PUN_03,SKU_HV_HD_02,2023-12-27,-45
DUMP-112,source,ORD-DUMP-DUMP-112-MH_BHU_01_S1,MH_BHU_01_S1,MH_BHU_01,SKU_HV_HD_02,2022-12-02,31
DUMP-112,victim,ORD-106213,MH_AKO_01_S3,MH_AKO_01,SKU_HV_HD_02,2022-12-06,-46
DUMP-112,victim,ORD-106341,MH_AKO_01_S3,MH_AKO_01,SKU_HV_HD_02,2022-12-13,-33
DUMP-113,source,ORD-DUMP-DUMP-113-MH_AHM_01_S5,MH_AHM_01_S5,MH_AHM_01,SKU_HV_HD_01,2025-04-11,25
DUMP-113,source,ORD-121907,MH_AHM_01_S2,MH_AHM_01,SKU_HV_HD_01,2025-04-12,62
DUMP-113,victim,ORD-121825,MH_AUR_01_S4,MH_AUR_01,SKU_HV_HD_01,2025-04-08,-37
DUMP-113,victim,ORD-121953,MH_AUR_01_S4,MH_AUR_01,SKU_HV_HD_01,2025-04-15,-42
DUMP-114,source,ORD-DUMP-DUMP-114-MH_AUR_01_S2,MH_AUR_01_S2,MH_AUR_01,SKU_HV_HD_01,2022-08-17,38
DUMP-114,source,ORD-DUMP-DUMP-114-MH_AUR_01_S3,MH_AUR_01_S3,MH_AUR_01,SKU_HV_HD_01,2022-08-18,46
DUMP-114,victim,ORD-104128,MH_PUN_03_S3,MH_PUN_03,SKU_HV_HD_01,2022-08-15,-15
DUMP-114,victim,ORD-104256,MH_PUN_03_S3,MH_PUN_03,SKU_HV_HD_01,2022-08-22,-12
DUMP-115,source,ORD-DUMP-DUMP-115-MH_SOL_01_S4,MH_SOL_01_S4,MH_SOL_01,SKU_HV_HD_01,2023-12-29,40
DUMP-115,source,ORD-DUMP-DUMP-115-MH_SOL_01_S2,MH_SOL_01_S2,MH_SOL_01,SKU_HV_HD_01,2024-01-03,70
DUMP-115,victim,ORD-113357,MH_AKO_01_S1,MH_AKO_01,SKU_HV_HD_01,2024-01-01,-35
DUMP-115,victim,ORD-113485,MH_AKO_01_S1,MH_AKO_01,SKU_HV_HD_01,2024-01-08,-33
DUMP-116,source,ORD-DUMP-DUMP-116-MH_LAT_01_S5,MH_LAT_01_S5,MH_LAT_01,SKU_HV_HD_02,2023-06-26,45
DUMP-116,source,ORD-109979,MH_LAT_01_S1,MH_LAT_01,SKU_HV_HD_02,2023-06-30,49
DUMP-116,victim,ORD-109974,MH_PUN_03_S1,MH_PUN_03,SKU_HV_HD_02,2023-06-30,-18
DUMP-116,victim,ORD-110102,MH_PUN_03_S1,MH_PUN_03,SKU_HV_HD_02,2023-07-07,-29
DUMP-117,source,ORD-DUMP-DUMP-117-MH_JLN_01_S2,MH_JLN_01_S2,MH_JLN_01,SKU_HV_HD_02,2022-06-21,64
DUMP-117,victim,ORD-103136,MH_NAG_01_S6,MH_NAG_01,SKU_HV_HD_02,2022-06-21,-61
DUMP-117,victim,ORD-103264,MH_NAG_01_S6,MH_NAG_01,SKU_HV_HD_02,2022-06-28,-56
DUMP-118,source,ORD-DUMP-DUMP-118-MH_NAN_01_S2,MH_NAN_01_S2,MH_NAN_01,SKU_HV_HD_01,2024-11-02,46
DUMP-118,victim,ORD-118955,MH_KOL_01_S2,MH_KOL_01,SKU_HV_HD_01,2024-11-02,-22
DUMP-118,victim,ORD-119083,MH_KOL_01_S2,MH_KOL_01,SKU_HV_HD_01,2024-11-09,-18
DUMP-119,source,ORD-DUMP-DUMP-119-MH_PUN_01_S3,MH_PUN_01_S3,MH_PUN_01,SKU_HV_HD_01,2024-03-14,113
DUMP-119,source,ORD-DUMP-DUMP-119-MH_PUN_01_S4,MH_PUN_01_S4,MH_PUN_01,SKU_HV_HD_01,2024-03-15,45
DUMP-119,victim,ORD-114715,MH_LAT_01_S1,MH_LAT_01,SKU_HV_HD_01,2024-03-15,-47
DUMP-119,victim,ORD-114843,MH_LAT_01_S1,MH_LAT_01,SKU_HV_HD_01,2024-03-22,-37
DUMP-120,source,ORD-DUMP-DUMP-120-MH_BHU_01_S3,MH_BHU_01_S3,MH_BHU_01,SKU_HV_HD_02,2022-06-19,51
DUMP-120,victim,ORD-103179,MH_SOL_01_S2,MH_SOL_01,SKU_HV_HD_02,2022-06-23,-54
DUMP-120,victim,ORD-103307,MH_SOL_01_S2,MH_SOL_01,SKU_HV_HD_02,2022-06-30,-59
DUMP-121,source,ORD-DUMP-DUMP-121-MH_AMR_01_S1,MH_AMR_01_S1,MH_AMR_01,SKU_HV_HD_01,2022-05-31,71
DUMP-121,source,ORD-DUMP-DUMP-121-MH_AMR_01_S3,MH_AMR_01_S3,MH_AMR_01,SKU_HV_HD_01,2022-06-02,31
DUMP-121,source,ORD-DUMP-DUMP-121-MH_AMR_01_S4,MH_AMR_01_S4,MH_AMR_01,SKU_HV_HD_01,2022-06-03,61
DUMP-121,victim,ORD-102750,MH_PUN_02_S2,MH_PUN_02,SKU_HV_HD_01,2022-05-31,-18
DUMP-121,victim,ORD-102878,MH_PUN_02_S2,MH_PUN_02,SKU_HV_HD_01,2022-06-07,-10
DUMP-122,source,ORD-DUMP-DUMP-122-MH_PUN_03_S3,MH_PUN_03_S3,MH_PUN_03,SKU_HV_HD_02,2024-03-23,32
DUMP-122,source,ORD-DUMP-DUMP-122-MH_PUN_03_S4,MH_PUN_03_S4,MH_PUN_03,SKU_HV_HD_02,2024-03-23,47
DUMP-122,source,ORD-DUMP-DUMP-122-MH_PUN_03_S1,MH_PUN_03_S1,MH_PUN_03,SKU_HV_HD_02,2024-03-27,36
DUMP-122,victim,ORD-114851,MH_THN_01_S3,MH_THN_01,SKU_HV_HD_02,2024-03-23,-53
DUMP-122,victim,ORD-114979,MH_THN_01_S3,MH_THN_01,SKU_HV_HD_02,2024-03-30,-65
DUMP-123,source,ORD-DUMP-DUMP-123-MH_PAR_01_S3,MH_PAR_01_S3,MH_PAR_01,SKU_HV_HD_01,2025-04-01,69
DUMP-123,victim,ORD-121769,MH_NSK_02_S3,MH_NSK_02,SKU_HV_HD_01,2025-04-05,-32
DUMP-123,victim,ORD-121897,MH_NSK_02_S3,MH_NSK_02,SKU_HV_HD_01,2025-04-12,-23
DUMP-124,source,ORD-DUMP-DUMP-124-MH_MUM_02_S2,MH_MUM_02_S2,MH_MUM_02,SKU_HV_HD_01,2022-12-25,114
DUMP-124,victim,ORD-106565,MH_NAG_02_S2,MH_NAG_02,SKU_HV_HD_01,2022-12-26,-35
DUMP-124,victim,ORD-106693,MH_NAG_02_S2,MH_NAG_02,SKU_HV_HD_01,2023-01-02,-48
DUMP-125,source,ORD-DUMP-DUMP-125-MH_BRM_01_S3,MH_BRM_01_S3,MH_BRM_01,SKU_HV_HD_02,2023-06-13,47
DUMP-125,source,ORD-109675,MH_BRM_01_S1,MH_BRM_01,SKU_HV_HD_02,2023-06-13,38
DUMP-125,victim,ORD-109715,MH_MUM_02_S2,MH_MUM_02,SKU_HV_HD_02,2023-06-16,-57
DUMP-125,victim,ORD-109843,MH_MUM_02_S2,MH_MUM_02,SKU_HV_HD_02,2023-06-23,-64
DUMP-126,source,ORD-DUMP-DUMP-126-MH_AUR_02_S3,MH_AUR_02_S3,MH_AUR_02,SKU_HV_HD_02,2023-07-01,58
DUMP-126,victim,ORD-109917,MH_PUN_02_S1,MH_PUN_02,SKU_HV_HD_02,2023-06-27,-39
DUMP-126,victim,ORD-110045,MH_PUN_02_S1,MH_PUN_02,SKU_HV_HD_02,2023-07-04,-37
DUMP-127,source,ORD-DUMP-DUMP-127-MH_AUR_01_S3,MH_AUR_01_S3,MH_AUR_01,SKU_HV_HD_02,2025-04-30,36
DUMP-127,source,ORD-DUMP-DUMP-127-MH_AUR_01_S1,MH_AUR_01_S1,MH_AUR_01,SKU_HV_HD_02,2025-04-28,78
DUMP-127,victim,ORD-122296,MH_SAT_01_S2,MH_SAT_01,SKU_HV_HD_02,2025-05-03,-99
DUMP-127,victim,ORD-122424,MH_SAT_01_S2,MH_SAT_01,SKU_HV_HD_02,2025-05-10,-117
DUMP-128,source,ORD-DUMP-DUMP-128-MH_AUR_01_S1,MH_AUR_01_S1,MH_AUR_01,SKU_HV_HD_01,2025-11-09,68
DUMP-128,source,ORD-DUMP-DUMP-128-MH_AUR_01_S2,MH_AUR_01_S2,MH_AUR_01,SKU_HV_HD_01,2025-11-08,26
DUMP-128,source,ORD-DUMP-DUMP-128-MH_AUR_01_S4,MH_AUR_01_S4,MH_AUR_01,SKU_HV_HD_01,2025-11-06,57
DUMP-128,victim,ORD-125700,MH_MUM_01_S2,MH_MUM_01,SKU_HV_HD_01,2025-11-06,-50
DUMP-128,victim,ORD-125828,MH_MUM_01_S2,MH_MUM_01,SKU_HV_HD_01,2025-11-13,-50
DUMP-129,source,ORD-DUMP-DUMP-129-MH_NAG_01_S6,MH_NAG_01_S6,MH_NAG_01,SKU_HV_HD_01,2022-12-12,62
DUMP-129,source,ORD-106305,MH_NAG_01_S1,MH_NAG_01,SKU_HV_HD_01,2022-12-12,75
DUMP-129,victim,ORD-106353,MH_PUN_03_S6,MH_PUN_03,SKU_HV_HD_01,2022-12-14,-24
DUMP-129,victim,ORD-106481,MH_PUN_03_S6,MH_PUN_03,SKU_HV_HD_01,2022-12-21,-28
DUMP-130,source,ORD-DUMP-DUMP-130-MH_AUR_02_S5,MH_AUR_02_S5,MH_AUR_02,SKU_HV_HD_02,2024-11-30,69
DUMP-130,source,ORD-DUMP-DUMP-130-MH_AUR_02_S3,MH_AUR_02_S3,MH_AUR_02,SKU_HV_HD_02,2024-12-05,41
DUMP-130,victim,ORD-119552,MH_PAR_01_S3,MH_PAR_01,SKU_HV_HD_02,2024-12-04,-38
DUMP-130,victim,ORD-119680,MH_PAR_01_S3,MH_PAR_01,SKU_HV_HD_02,2024-12-11,-53
DUMP-131,source,ORD-DUMP-DUMP-131-MH_SAT_01_S2,MH_SAT_01_S2,MH_SAT_01,SKU_HV_HD_01,2024-01-31,141
DUMP-131,victim,ORD-113857,MH_NAG_01_S1,MH_NAG_01,SKU_HV_HD_01,2024-01-29,-48
DUMP-131,victim,ORD-113985,MH_NAG_01_S1,MH_NAG_01,SKU_HV_HD_01,2024-02-05,-44
DUMP-132,source,ORD-DUMP-DUMP-132-MH_PUN_01_S3,MH_PUN_01_S3,MH_PUN_01,SKU_HV_HD_01,2022-11-16,112
DUMP-132,source,ORD-DUMP-DUMP-132-MH_PUN_01_S2,MH_PUN_01_S2,MH_PUN_01,SKU_HV_HD_01,2022-11-15,76
DUMP-132,victim,ORD-105807,MH_AHM_01_S3,MH_AHM_01,SKU_HV_HD_01,2022-11-14,-48
DUMP-132,victim,ORD-105935,MH_AHM_01_S3,MH_AHM_01,SKU_HV_HD_01,2022-11-21,-48
DUMP-133,source,ORD-114168,MH_KOL_01_S4,MH_KOL_01,SKU_HV_HD_01,2024-02-14,40
DUMP-133,source,ORD-DUMP-DUMP-133-MH_KOL_01_S2,MH_KOL_01_S2,MH_KOL_01,SKU_HV_HD_01,2024-02-15,23
DUMP-133,source,ORD-DUMP-DUMP-133-MH_KOL_01_S3,MH_KOL_01_S3,MH_KOL_01,SKU_HV_HD_01,2024-02-19,65
DUMP-133,victim,ORD-114163,MH_NSK_01_S3,MH_NSK_01,SKU_HV_HD_01,2024-02-14,-63
DUMP-133,victim,ORD-114291,MH_NSK_01_S3,MH_NSK_01,SKU_HV_HD_01,2024-02-21,-68
DUMP-134,source,ORD-116928,MH_PUN_03_S3,MH_PUN_03,SKU_HV_HD_02,2024-07-15,28
DUMP-134,source,ORD-DUMP-DUMP-134-MH_PUN_03_S1,MH_PUN_03_S1,MH_PUN_03,SKU_HV_HD_02,2024-07-15,31
DUMP-134,source,ORD-116977,MH_PUN_03_S6,MH_PUN_03,SKU_HV_HD_02,2024-07-17,34
DUMP-134,victim,ORD-116999,MH_NSK_01_S1,MH_NSK_01,SKU_HV_HD_02,2024-07-18,-27
DUMP-134,victim,ORD-117127,MH_NSK_01_S1,MH_NSK_01,SKU_HV_HD_02,2024-07-25,-34
DUMP-135,source,ORD-DUMP-DUMP-135-MH_YAV_01_S2,MH_YAV_01_S2,MH_YAV_01,SKU_HV_HD_02,2025-08-09,57
DUMP-135,victim,ORD-124149,MH_AUR_01_S1,MH_AUR_01,SKU_HV_HD_02,2025-08-13,-45
DUMP-135,victim,ORD-124277,MH_AUR_01_S1,MH_AUR_01,SKU_HV_HD_02,2025-08-20,-53
DUMP-136,source,ORD-DUMP-DUMP-136-MH_JLN_01_S2,MH_JLN_01_S2,MH_JLN_01,SKU_HV_HD_02,2023-02-17,107
DUMP-136,victim,ORD-107507,MH_NSK_01_S3,MH_NSK_01,SKU_HV_HD_02,2023-02-15,-70
DUMP-136,victim,ORD-107635,MH_NSK_01_S3,MH_NSK_01,SKU_HV_HD_02,2023-02-22,-73
DUMP-137,source,ORD-DUMP-DUMP-137-MH_AUR_01_S2,MH_AUR_01_S2,MH_AUR_01,SKU_HV_HD_01,2023-01-25,38
DUMP-137,source,ORD-DUMP-DUMP-137-MH_AUR_01_S1,MH_AUR_01_S1,MH_AUR_01,SKU_HV_HD_01,2023-01-26,99
DUMP-137,source,ORD-DUMP-DUMP-137-MH_AUR_01_S3,MH_AUR_01_S3,MH_AUR_01,SKU_HV_HD_01,2023-01-27,47
DUMP-137,victim,ORD-107085,MH_AKO_01_S1,MH_AKO_01,SKU_HV_HD_01,2023-01-23,-41
DUMP-137,victim,ORD-107213,MH_AKO_01_S1,MH_AKO_01,SKU_HV_HD_01,2023-01-30,-44
DUMP-138,source,ORD-DUMP-DUMP-138-MH_MUM_01_S2,MH_MUM_01_S2,MH_MUM_01,SKU_HV_HD_01,2023-02-01,77
DUMP-138,source,ORD-107141,MH_MUM_01_S3,MH_MUM_01,SKU_HV_HD_01,2023-01-26,167
DUMP-138,victim,ORD-107147,MH_SOL_01_S2,MH_SOL_01,SKU_HV_HD_01,2023-01-26,-76
DUMP-138,victim,ORD-107275,MH_SOL_01_S2,MH_SOL_01,SKU_HV_HD_01,2023-02-02,-66
DUMP-139,source,ORD-DUMP-DUMP-139-MH_AUR_02_S3,MH_AUR_02_S3,MH_AUR_02,SKU_HV_HD_02,2024-03-23,33
DUMP-139,source,ORD-114824,MH_AUR_02_S5,MH_AUR_02,SKU_HV_HD_02,2024-03-21,56
DUMP-139,victim,ORD-114810,MH_AMR_01_S3,MH_AMR_01,SKU_HV_HD_02,2024-03-20,-13
DUMP-139,victim,ORD-114938,MH_AMR_01_S3,MH_AMR_01,SKU_HV_HD_02,2024-03-27,-23
DUMP-140,source,ORD-DUMP-DUMP-140-MH_AHM_01_S3,MH_AHM_01_S3,MH_AHM_01,SKU_HV_HD_01,2022-12-01,64
DUMP-140,source,ORD-DUMP-DUMP-140-MH_AHM_01_S5,MH_AHM_01_S5,MH_AHM_01,SKU_HV_HD_01,2022-12-01,32
DUMP-140,victim,ORD-106033,MH_LAT_01_S5,MH_LAT_01,SKU_HV_HD_01,2022-11-26,-22
DUMP-140,victim,ORD-106161,MH_LAT_01_S5,MH_LAT_01,SKU_HV_HD_01,2022-12-03,-22
DUMP-141,source,ORD-DUMP-DUMP-141-MH_NSK_02_S3,MH_NSK_02_S3,MH_NSK_02,SKU_HV_HD_01,2023-12-26,40
DUMP-141,source,ORD-DUMP-DUMP-141-MH_NSK_02_S2,MH_NSK_02_S2,MH_NSK_02,SKU_HV_HD_01,2023-12-28,144
DUMP-141,victim,ORD-113287,MH_NSK_01_S1,MH_NSK_01,SKU_HV_HD_01,2023-12-28,-33
DUMP-141,victim,ORD-113415,MH_NSK_01_S1,MH_NSK_01,SKU_HV_HD_01,2024-01-04,-28
DUMP-142,source,ORD-DUMP-DUMP-142-MH_AHM_01_S2,MH_AHM_01_S2,MH_AHM_01,SKU_HV_HD_01,2024-10-10,50
DUMP-142,victim,ORD-118482,MH_CND_01_S3,MH_CND_01,SKU_HV_HD_01,2024-10-07,-27
DUMP-142,victim,ORD-118610,MH_CND_01_S3,MH_CND_01,SKU_HV_HD_01,2024-10-14,-18
DUMP-143,source,ORD-DUMP-DUMP-143-MH_JAL_01_S4,MH_JAL_01_S4,MH_JAL_01,SKU_HV_HD_02,2024-02-05,43
DUMP-143,source,ORD-DUMP-DUMP-143-MH_JAL_01_S2,MH_JAL_01_S2,MH_JAL_01,SKU_HV_HD_02,2024-02-06,102
DUMP-143,victim,ORD-114012,MH_THN_01_S1,MH_THN_01,SKU_HV_HD_02,2024-02-06,-82
DUMP-143,victim,ORD-114140,MH_THN_01_S1,MH_THN_01,SKU_HV_HD_02,2024-02-13,-79
DUMP-144,source,ORD-DUMP-DUMP-144-MH_PUN_01_S5,MH_PUN_01_S5,MH_PUN_01,SKU_HV_HD_01,2024-07-23,84
DUMP-144,source,ORD-DUMP-DUMP-144-MH_PUN_01_S3,MH_PUN_01_S3,MH_PUN_01,SKU_HV_HD_01,2024-07-23,75
DUMP-144,victim,ORD-117109,MH_AUR_01_S1,MH_AUR_01,SKU_HV_HD_01,2024-07-24,-36
DUMP-144,victim,ORD-117237,MH_AUR_01_S1,MH_AUR_01,SKU_HV_HD_01,2024-07-31,-37
DUMP-145,source,ORD-DUMP-DUMP-145-MH_NSK_02_S3,MH_NSK_02_S3,MH_NSK_02,SKU_HV_HD_02,2025-12-18,46
DUMP-145,source,ORD-DUMP-DUMP-145-MH_NSK_02_S1,MH_NSK_02_S1,MH_NSK_02,SKU_HV_HD_02,2025-12-17,38
DUMP-145,source,ORD-DUMP-DUMP-145-MH_NSK_02_S2,MH_NSK_02_S2,MH_NSK_02,SKU_HV_HD_02,2025-12-19,155
DUMP-145,victim,ORD-126460,MH_NAN_01_S2,MH_NAN_01,SKU_HV_HD_02,2025-12-17,-30
DUMP-145,victim,ORD-126588,MH_NAN_01_S2,MH_NAN_01,SKU_HV_HD_02,2025-12-24,-29
DUMP-146,source,ORD-DUMP-DUMP-146-MH_THN_01_S2,MH_THN_01_S2,MH_THN_01,SKU_HV_HD_01,2024-03-22,71
DUMP-146,source,ORD-DUMP-DUMP-146-MH_THN_01_S3,MH_THN_01_S3,MH_THN_01,SKU_HV_HD_01,2024-03-22,73
DUMP-146,source,ORD-DUMP-DUMP-146-MH_THN_01_S1,MH_THN_01_S1,MH_THN_01,SKU_HV_HD_01,2024-03-20,135
DUMP-146,victim,ORD-114824,MH_AUR_02_S5,MH_AUR_02,SKU_HV_HD_01,2024-03-21,-35
DUMP-146,victim,ORD-114952,MH_AUR_02_S5,MH_AUR_02,SKU_HV_HD_01,2024-03-28,-51
DUMP-147,source,ORD-DUMP-DUMP-147-MH_PUN_01_S2,MH_PUN_01_S2,MH_PUN_01,SKU_HV_HD_02,2025-04-09,72
DUMP-147,source,ORD-121791,MH_PUN_01_S5,MH_PUN_01,SKU_HV_HD_02,2025-04-07,102
DUMP-147,victim,ORD-121873,MH_BRM_01_S3,MH_BRM_01,SKU_HV_HD_02,2025-04-10,-29
DUMP-147,victim,ORD-122001,MH_BRM_01_S3,MH_BRM_01,SKU_HV_HD_02,2025-04-17,-39
DUMP-148,source,ORD-DUMP-DUMP-148-MH_THN_01_S1,MH_THN_01_S1,MH_THN_01,SKU_HV_HD_02,2024-07-04,235
DUMP-148,source,ORD-DUMP-DUMP-148-MH_THN_01_S2,MH_THN_01_S2,MH_THN_01,SKU_HV_HD_02,2024-07-02,133
DUMP-148,source,ORD-DUMP-DUMP-148-MH_THN_01_S3,MH_THN_01_S3,MH_THN_01,SKU_HV_HD_02,2024-07-03,133
DUMP-148,victim,ORD-116733,MH_NAN_01_S6,MH_NAN_01,SKU_HV_HD_02,2024-07-03,-38
DUMP-148,victim,ORD-116861,MH_NAN_01_S6,MH_NAN_01,SKU_HV_HD_02,2024-07-10,-42
DUMP-149,source,ORD-DUMP-DUMP-149-MH_AUR_02_S3,MH_AUR_02_S3,MH_AUR_02,SKU_HV_HD_02,2025-02-25,49
DUMP-149,source,ORD-DUMP-DUMP-149-MH_AUR_02_S5,MH_AUR_02_S5,MH_AUR_02,SKU_HV_HD_02,2025-02-23,82
DUMP-149,victim,ORD-121053,MH_PUN_02_S1,MH_PUN_02,SKU_HV_HD_02,2025-02-25,-43
DUMP-149,victim,ORD-121181,MH_PUN_02_S1,MH_PUN_02,SKU_HV_HD_02,2025-03-04,-40
DUMP-150,source,ORD-DUMP-DUMP-150-MH_AKO_01_S3,MH_AKO_01_S3,MH_AKO_01,SKU_HV_HD_02,2024-03-02,59
DUMP-150,source,ORD-114445,MH_AKO_01_S2,MH_AKO_01,SKU_HV_HD_02,2024-02-29,51
DUMP-150,victim,ORD-114451,MH_MUM_02_S2,MH_MUM_02,SKU_HV_HD_02,2024-03-01,-78
DUMP-150,victim,ORD-114579,MH_MUM_02_S2,MH_MUM_02,SKU_HV_HD_02,2024-03-08,-69
DUMP-151,source,ORD-DUMP-DUMP-151-MH_NSK_01_S1,MH_NSK_01_S1,MH_NSK_01,SKU_HV_HD_01,2023-01-20,23
DUMP-151,victim,ORD-107016,MH_AUR_02_S5,MH_AUR_02,SKU_HV_HD_01,2023-01-19,-36
DUMP-151,victim,ORD-107144,MH_AUR_02_S5,MH_AUR_02,SKU_HV_HD_01,2023-01-26,-42
DUMP-152,source,ORD-DUMP-DUMP-152-MH_NVM_01_S3,MH_NVM_01_S3,MH_NVM_01,SKU_HV_HD_02,2025-12-08,38
DUMP-152,victim,ORD-126285,MH_AKO_01_S1,MH_AKO_01,SKU_HV_HD_02,2025-12-08,-59
DUMP-152,victim,ORD-126413,MH_AKO_01_S1,MH_AKO_01,SKU_HV_HD_02,2025-12-15,-63
DUMP-153,source,ORD-DUMP-DUMP-153-MH_DHU_01_S2,MH_DHU_01_S2,MH_DHU_01,SKU_HV_HD_02,2025-07-18,108
DUMP-153,victim,ORD-123640,MH_KOL_01_S4,MH_KOL_01,SKU_HV_HD_02,2025-07-16,-39
DUMP-153,victim,ORD-123768,MH_KOL_01_S4,MH_KOL_01,SKU_HV_HD_02,2025-07-23,-43
DUMP-154,source,ORD-DUMP-DUMP-154-MH_NSK_02_S2,MH_NSK_02_S2,MH_NSK_02,SKU_HV_HD_02,2023-07-09,111
DUMP-154,victim,ORD-110162,MH_CND_01_S3,MH_CND_01,SKU_HV_HD_02,2023-07-10,-27
DUMP-154,victim,ORD-110290,MH_CND_01_S3,MH_CND_01,SKU_HV_HD_02,2023-07-17,-29
DUMP-155,source,ORD-125110,MH_BHU_01_S3,MH_BHU_01,SKU_HV_HD_02,2025-10-04,39
DUMP-155,source,ORD-DUMP-DUMP-155-MH_BHU_01_S1,MH_BHU_01_S1,MH_BHU_01,SKU_HV_HD_02,2025-10-01,34
DUMP-155,victim,ORD-125067,MH_SOL_01_S2,MH_SOL_01,SKU_HV_HD_02,2025-10-02,-91
DUMP-155,victim,ORD-125195,MH_SOL_01_S2,MH_SOL_01,SKU_HV_HD_02,2025-10-09,-82
DUMP-156,source,ORD-DUMP-DUMP-156-MH_MUM_01_S3,MH_MUM_01_S3,MH_MUM_01,SKU_HV_HD_02,2025-11-10,231
DUMP-156,victim,ORD-125795,MH_SOL_01_S4,MH_SOL_01,SKU_HV_HD_02,2025-11-11,-55
DUMP-156,victim,ORD-125923,MH_SOL_01_S4,MH_SOL_01,SKU_HV_HD_02,2025-11-18,-49
DUMP-157,source,ORD-DUMP-DUMP-157-MH_MUM_02_S3,MH_MUM_02_S3,MH_MUM_02,SKU_HV_HD_02,2024-03-21,345
DUMP-157,source,ORD-DUMP-DUMP-157-MH_MUM_02_S1,MH_MUM_02_S1,MH_MUM_02,SKU_HV_HD_02,2024-03-21,60
DUMP-157,source,ORD-DUMP-DUMP-157-MH_MUM_02_S2,MH_MUM_02_S2,MH_MUM_02,SKU_HV_HD_02,2024-03-20,190
DUMP-157,victim,ORD-114870,MH_BHU_01_S3,MH_BHU_01,SKU_HV_HD_02,2024-03-23,-38
DUMP-157,victim,ORD-114998,MH_BHU_01_S3,MH_BHU_01,SKU_HV_HD_02,2024-03-30,-22
DUMP-158,source,ORD-DUMP-DUMP-158-MH_PUN_02_S4,MH_PUN_02_S4,MH_PUN_02,SKU_HV_HD_02,2022-06-30,229
DUMP-158,victim,ORD-103245,MH_AKO_01_S1,MH_AKO_01,SKU_HV_HD_02,2022-06-27,-46
DUMP-158,victim,ORD-103373,MH_AKO_01_S1,MH_AKO_01,SKU_HV_HD_02,2022-07-04,-45
DUMP-159,source,ORD-DUMP-DUMP-159-MH_AUR_01_S2,MH_AUR_01_S2,MH_AUR_01,SKU_HV_HD_01,2022-10-06,32
DUMP-159,victim,ORD-105080,MH_KOL_01_S4,MH_KOL_01,SKU_HV_HD_01,2022-10-05,-24
DUMP-159,victim,ORD-105208,MH_KOL_01_S4,MH_KOL_01,SKU_HV_HD_01,2022-10-12,-36
DUMP-160,source,ORD-114129,MH_CND_01_S1,MH_CND_01,SKU_HV_HD_01,2024-02-12,34
DUMP-160,source,ORD-DUMP-DUMP-160-MH_CND_01_S3,MH_CND_01_S3,MH_CND_01,SKU_HV_HD_01,2024-02-17,48
DUMP-160,victim,ORD-114128,MH_AHM_01_S5,MH_AHM_01,SKU_HV_HD_01,2024-02-12,-28
DUMP-160,victim,ORD-114256,MH_AHM_01_S5,MH_AHM_01,SKU_HV_HD_01,2024-02-19,-26
DUMP-161,source,ORD-DUMP-DUMP-161-MH_NSK_01_S2,MH_NSK_01_S2,MH_NSK_01,SKU_HV_HD_02,2023-11-17,123
DUMP-161,source,ORD-DUMP-DUMP-161-MH_NSK_01_S3,MH_NSK_01_S3,MH_NSK_01,SKU_HV_HD_02,2023-11-16,233
DUMP-161,source,ORD-DUMP-DUMP-161-MH_NSK_01_S1,MH_NSK_01_S1,MH_NSK_01,SKU_HV_HD_02,2023-11-15,62
DUMP-161,victim,ORD-112553,MH_NSK_02_S3,MH_NSK_02,SKU_HV_HD_02,2023-11-18,-28
DUMP-161,victim,ORD-112681,MH_NSK_02_S3,MH_NSK_02,SKU_HV_HD_02,2023-11-25,-15
DUMP-162,source,ORD-DUMP-DUMP-162-MH_SAT_01_S2,MH_SAT_01_S2,MH_SAT_01,SKU_HV_HD_02,2023-06-29,159
DUMP-162,victim,ORD-110033,MH_CND_01_S1,MH_CND_01,SKU_HV_HD_02,2023-07-03,-23
DUMP-162,victim,ORD-110161,MH_CND_01_S1,MH_CND_01,SKU_HV_HD_02,2023-07-10,-30
DUMP-163,source,ORD-DUMP-DUMP-163-MH_PUN_02_S1,MH_PUN_02_S1,MH_PUN_02,SKU_HV_HD_01,2022-07-04,60
DUMP-163,source,ORD-DUMP-DUMP-163-MH_PUN_02_S2,MH_PUN_02_S2,MH_PUN_02,SKU_HV_HD_01,2022-07-07,51
DUMP-163,source,ORD-DUMP-DUMP-163-MH_PUN_02_S4,MH_PUN_02_S4,MH_PUN_02,SKU_HV_HD_01,2022-07-09,170
DUMP-163,victim,ORD-103402,MH_YAV_01_S5,MH_YAV_01,SKU_HV_HD_01,2022-07-05,-31
DUMP-163,victim,ORD-103530,MH_YAV_01_S5,MH_YAV_01,SKU_HV_HD_01,2022-07-12,-20
DUMP-164,source,ORD-DUMP-DUMP-164-MH_MUM_02_S1,MH_MUM_02_S1,MH_MUM_02,SKU_HV_HD_01,2024-01-17,30
DUMP-164,source,ORD-DUMP-DUMP-164-MH_MUM_02_S3,MH_MUM_02_S3,MH_MUM_02,SKU_HV_HD_01,2024-01-17,182
DUMP-164,victim,ORD-113723,MH_NVM_01_S2,MH_NVM_01,SKU_HV_HD_01,2024-01-22,-43
DUMP-164,victim,ORD-113851,MH_NVM_01_S2,MH_NVM_01,SKU_HV_HD_01,2024-01-29,-38
DUMP-165,source,ORD-DUMP-DUMP-165-MH_NAG_02_S4,MH_NAG_02_S4,MH_NAG_02,SKU_HV_HD_01,2022-09-16,79
DUMP-165,source,ORD-DUMP-DUMP-165-MH_NAG_02_S2,MH_NAG_02_S2,MH_NAG_02,SKU_HV_HD_01,2022-09-13,61
DUMP-165,victim,ORD-104745,MH_NSK_02_S3,MH_NSK_02,SKU_HV_HD_01,2022-09-17,-20
DUMP-165,victim,ORD-104873,MH_NSK_02_S3,MH_NSK_02,SKU_HV_HD_01,2022-09-24,-22
DUMP-166,source,ORD-DUMP-DUMP-166-MH_AUR_01_S2,MH_AUR_01_S2,MH_AUR_01,SKU_HV_HD_02,2022-07-05,34
DUMP-166,victim,ORD-103390,MH_PUN_02_S2,MH_PUN_02,SKU_HV_HD_02,2022-07-05,-25
DUMP-166,victim,ORD-103518,MH_PUN_02_S2,MH_PUN_02,SKU_HV_HD_02,2022-07-12,-24
DUMP-167,source,ORD-DUMP-DUMP-167-MH_BED_01_S1,MH_BED_01_S1,MH_BED_01,SKU_HV_HD_01,2023-04-30,23
DUMP-167,victim,ORD-108892,MH_THN_01_S1,MH_THN_01,SKU_HV_HD_01,2023-05-02,-46
DUMP-167,victim,ORD-109020,MH_THN_01_S1,MH_THN_01,SKU_HV_HD_01,2023-05-09,-65
DUMP-168,source,ORD-DUMP-DUMP-168-MH_YAV_01_S2,MH_YAV_01_S2,MH_YAV_01,SKU_HV_HD_02,2022-08-17,48
DUMP-168,victim,ORD-104165,MH_AKO_01_S3,MH_AKO_01,SKU_HV_HD_02,2022-08-16,-33
DUMP-168,victim,ORD-104293,MH_AKO_01_S3,MH_AKO_01,SKU_HV_HD_02,2022-08-23,-36
DUMP-169,source,ORD-DUMP-DUMP-169-MH_NAG_02_S2,MH_NAG_02_S2,MH_NAG_02,SKU_HV_HD_01,2024-05-18,64
DUMP-169,victim,ORD-115861,MH_PUN_01_S3,MH_PUN_01,SKU_HV_HD_01,2024-05-17,-75
DUMP-169,victim,ORD-115989,MH_PUN_01_S3,MH_PUN_01,SKU_HV_HD_01,2024-05-24,-72
DUMP-170,source,ORD-DUMP-DUMP-170-MH_PUN_01_S4,MH_PUN_01_S4,MH_PUN_01,SKU_HV_HD_02,2022-08-03,37
DUMP-170,source,ORD-103942,MH_PUN_01_S2,MH_PUN_01,SKU_HV_HD_02,2022-08-04,59
DUMP-170,victim,ORD-103902,MH_PUN_02_S2,MH_PUN_02,SKU_HV_HD_02,2022-08-02,-19
DUMP-170,victim,ORD-104030,MH_PUN_02_S2,MH_PUN_02,SKU_HV_HD_02,2022-08-09,-23
DUMP-171,source,ORD-DUMP-DUMP-171-MH_NSK_01_S1,MH_NSK_01_S1,MH_NSK_01,SKU_HV_HD_02,2024-08-02,38
DUMP-171,source,ORD-DUMP-DUMP-171-MH_NSK_01_S2,MH_NSK_01_S2,MH_NSK_01,SKU_HV_HD_02,2024-07-31,76
DUMP-171,source,ORD-DUMP-DUMP-171-MH_NSK_01_S3,MH_NSK_01_S3,MH_NSK_01,SKU_HV_HD_02,2024-07-30,145
DUMP-171,victim,ORD-117216,MH_NAG_01_S6,MH_NAG_01,SKU_HV_HD_02,2024-07-30,-69
DUMP-171,victim,ORD-117344,MH_NAG_01_S6,MH_NAG_01,SKU_HV_HD_02,2024-08-06,-55
DUMP-172,source,ORD-DUMP-DUMP-172-MH_NSK_01_S3,MH_NSK_01_S3,MH_NSK_01,SKU_HV_HD_02,2025-03-02,252
DUMP-172,victim,ORD-121207,MH_KOL_01_S3,MH_KOL_01,SKU_HV_HD_02,2025-03-05,-93
DUMP-172,victim,ORD-121335,MH_KOL_01_S3,MH_KOL_01,SKU_HV_HD_02,2025-03-12,-81
DUMP-173,source,ORD-DUMP-DUMP-173-MH_JLN_01_S2,MH_JLN_01_S2,MH_JLN_01,SKU_HV_HD_01,2022-02-04,64
DUMP-173,victim,ORD-100589,MH_NVM_01_S3,MH_NVM_01,SKU_HV_HD_01,2022-02-02,-28
DUMP-173,victim,ORD-100717,MH_NVM_01_S3,MH_NVM_01,SKU_HV_HD_01,2022-02-09,-29
DUMP-174,source,ORD-DUMP-DUMP-174-MH_DHU_01_S2,MH_DHU_01_S2,MH_DHU_01,SKU_HV_HD_01,2024-08-30,116
DUMP-174,victim,ORD-117859,MH_SOL_01_S4,MH_SOL_01,SKU_HV_HD_01,2024-09-03,-32
DUMP-174,victim,ORD-117987,MH_SOL_01_S4,MH_SOL_01,SKU_HV_HD_01,2024-09-10,-32
DUMP-175,source,ORD-DUMP-DUMP-175-MH_JAL_01_S4,MH_JAL_01_S4,MH_JAL_01,SKU_HV_HD_01,2022-09-07,37
DUMP-175,victim,ORD-104556,MH_NVM_01_S1,MH_NVM_01,SKU_HV_HD_01,2022-09-07,-33
DUMP-175,victim,ORD-104684,MH_NVM_01_S1,MH_NVM_01,SKU_HV_HD_01,2022-09-14,-27
DUMP-176,source,ORD-DUMP-DUMP-176-MH_PUN_01_S2,MH_PUN_01_S2,MH_PUN_01,SKU_HV_HD_01,2024-03-31,74
DUMP-176,source,ORD-DUMP-DUMP-176-MH_PUN_01_S3,MH_PUN_01_S3,MH_PUN_01,SKU_HV_HD_01,2024-03-31,108
DUMP-176,source,ORD-115007,MH_PUN_01_S5,MH_PUN_01,SKU_HV_HD_01,2024-04-01,122
DUMP-176,victim,ORD-114956,MH_JAL_01_S4,MH_JAL_01,SKU_HV_HD_01,2024-03-28,-26
DUMP-176,victim,ORD-115084,MH_JAL_01_S4,MH_JAL_01,SKU_HV_HD_01,2024-04-04,-22
DUMP-177,source,ORD-DUMP-DUMP-177-MH_THN_01_S1,MH_THN_01_S1,MH_THN_01,SKU_HV_HD_02,2023-01-06,234
DUMP-177,source,ORD-DUMP-DUMP-177-MH_THN_01_S3,MH_THN_01_S3,MH_THN_01,SKU_HV_HD_02,2023-01-02,132
DUMP-177,source,ORD-DUMP-DUMP-177-MH_THN_01_S2,MH_THN_01_S2,MH_THN_01,SKU_HV_HD_02,2023-01-02,132
DUMP-177,victim,ORD-106715,MH_MUM_01_S1,MH_MUM_01,SKU_HV_HD_02,2023-01-03,-95
DUMP-177,victim,ORD-106843,MH_MUM_01_S1,MH_MUM_01,SKU_HV_HD_02,2023-01-10,-74
DUMP-178,source,ORD-DUMP-DUMP-178-MH_DHU_01_S2,MH_DHU_01_S2,MH_DHU_01,SKU_HV_HD_02,2023-06-08,135
DUMP-178,victim,ORD-109512,MH_AUR_01_S2,MH_AUR_01,SKU_HV_HD_02,2023-06-05,-20
DUMP-178,victim,ORD-109640,MH_AUR_01_S2,MH_AUR_01,SKU_HV_HD_02,2023-06-12,-23
DUMP-179,source,ORD-DUMP-DUMP-179-MH_MUM_02_S3,MH_MUM_02_S3,MH_MUM_02,SKU_HV_HD_01,2022-03-24,217
DUMP-179,victim,ORD-101601,MH_AUR_01_S4,MH_AUR_01,SKU_HV_HD_01,2022-03-29,-25
DUMP-179,victim,ORD-101729,MH_AUR_01_S4,MH_AUR_01,SKU_HV_HD_01,2022-04-05,-34
DUMP-180,source,ORD-DUMP-DUMP-180-MH_JLN_01_S2,MH_JLN_01_S2,MH_JLN_01,SKU_HV_HD_01,2024-09-25,97
DUMP-180,victim,ORD-118235,MH_MUM_01_S1,MH_MUM_01,SKU_HV_HD_01,2024-09-24,-53
DUMP-180,victim,ORD-118363,MH_MUM_01_S1,MH_MUM_01,SKU_HV_HD_01,2024-10-01,-46
DUMP-181,source,ORD-DUMP-DUMP-181-MH_NSK_01_S2,MH_NSK_01_S2,MH_NSK_01,SKU_HV_HD_02,2023-04-22,116
DUMP-181,source,ORD-DUMP-DUMP-181-MH_NSK_01_S3,MH_NSK_01_S3,MH_NSK_01,SKU_HV_HD_02,2023-04-23,220
DUMP-181,source,ORD-DUMP-DUMP-181-MH_NSK_01_S1,MH_NSK_01_S1,MH_NSK_01,SKU_HV_HD_02,2023-04-26,58
DUMP-181,victim,ORD-108778,MH_YAV_01_S5,MH_YAV_01,SKU_HV_HD_02,2023-04-25,-28
DUMP-181,victim,ORD-108906,MH_YAV_01_S5,MH_YAV_01,SKU_HV_HD_02,2023-05-02,-31
DUMP-182,source,ORD-DUMP-DUMP-182-MH_AKO_01_S1,MH_AKO_01_S1,MH_AKO_01,SKU_HV_HD_02,2024-05-22,54
DUMP-182,source,ORD-DUMP-DUMP-182-MH_AKO_01_S2,MH_AKO_01_S2,MH_AKO_01,SKU_HV_HD_02,2024-05-19,55
DUMP-182,victim,ORD-115927,MH_YAV_01_S2,MH_YAV_01,SKU_HV_HD_02,2024-05-20,-35
DUMP-182,victim,ORD-116055,MH_YAV_01_S2,MH_YAV_01,SKU_HV_HD_02,2024-05-27,-33
DUMP-183,source,ORD-123380,MH_NSK_02_S2,MH_NSK_02,SKU_HV_HD_01,2025-07-02,100
DUMP-183,source,ORD-DUMP-DUMP-183-MH_NSK_02_S3,MH_NSK_02_S3,MH_NSK_02,SKU_HV_HD_01,2025-07-08,27
DUMP-183,victim,ORD-123457,MH_NAG_01_S1,MH_NAG_01,SKU_HV_HD_01,2025-07-07,-54
DUMP-183,victim,ORD-123585,MH_NAG_01_S1,MH_NAG_01,SKU_HV_HD_01,2025-07-14,-49
DUMP-184,source,ORD-DUMP-DUMP-184-MH_BRM_01_S1,MH_BRM_01_S1,MH_BRM_01,SKU_HV_HD_02,2022-04-20,39
DUMP-184,source,ORD-DUMP-DUMP-184-MH_BRM_01_S3,MH_BRM_01_S3,MH_BRM_01,SKU_HV_HD_02,2022-04-23,48
DUMP-184,victim,ORD-102010,MH_AMR_01_S3,MH_AMR_01,SKU_HV_HD_02,2022-04-20,-16
DUMP-184,victim,ORD-102138,MH_AMR_01_S3,MH_AMR_01,SKU_HV_HD_02,2022-04-27,-22
DUMP-185,source,ORD-DUMP-DUMP-185-MH_PUN_02_S1,MH_PUN_02_S1,MH_PUN_02,SKU_HV_HD_02,2022-04-01,60
DUMP-185,victim,ORD-101643,MH_SOL_01_S2,MH_SOL_01,SKU_HV_HD_02,2022-03-31,-55
DUMP-185,victim,ORD-101771,MH_SOL_01_S2,MH_SOL_01,SKU_HV_HD_02,2022-04-07,-69
DUMP-186,source,ORD-DUMP-DUMP-186-MH_NAN_01_S1,MH_NAN_01_S1,MH_NAN_01,SKU_HV_HD_01,2024-12-30,28
DUMP-186,source,ORD-DUMP-DUMP-186-MH_NAN_01_S6,MH_NAN_01_S6,MH_NAN_01,SKU_HV_HD_01,2024-12-26,32
DUMP-186,source,ORD-DUMP-DUMP-186-MH_NAN_01_S3,MH_NAN_01_S3,MH_NAN_01,SKU_HV_HD_01,2024-12-29,40
DUMP-186,victim,ORD-120008,MH_AUR_01_S2,MH_AUR_01,SKU_HV_HD_01,2024-12-30,-33
DUMP-186,victim,ORD-120136,MH_AUR_01_S2,MH_AUR_01,SKU_HV_HD_01,2025-01-06,-25
DUMP-187,source,ORD-111104,MH_PAR_01_S3,MH_PAR_01,SKU_HV_HD_02,2023-08-30,96
DUMP-187,victim,ORD-111011,MH_THN_01_S3,MH_THN_01,SKU_HV_HD_02,2023-08-26,-53
DUMP-187,victim,ORD-111139,MH_THN_01_S3,MH_THN_01,SKU_HV_HD_02,2023-09-02,-78
DUMP-188,source,ORD-DUMP-DUMP-188-MH_SAT_01_S2,MH_SAT_01_S2,MH_SAT_01,SKU_HV_HD_02,2022-05-12,97
DUMP-188,victim,ORD-102405,MH_MUM_01_S3,MH_MUM_01,SKU_HV_HD_02,2022-05-12,-92
DUMP-188,victim,ORD-102533,MH_MUM_01_S3,MH_MUM_01,SKU_HV_HD_02,2022-05-19,-91
DUMP-189,source,ORD-DUMP-DUMP-189-MH_LAT_01_S5,MH_LAT_01_S5,MH_LAT_01,SKU_HV_HD_02,2023-06-19,42
DUMP-189,source,ORD-DUMP-DUMP-189-MH_LAT_01_S1,MH_LAT_01_S1,MH_LAT_01,SKU_HV_HD_02,2023-06-13,47
DUMP-189,victim,ORD-109688,MH_KOL_01_S4,MH_KOL_01,SKU_HV_HD_02,2023-06-14,-30
DUMP-189,victim,ORD-109816,MH_KOL_01_S4,MH_KOL_01,SKU_HV_HD_02,2023-06-21,-26
DUMP-190,source,ORD-DUMP-DUMP-190-MH_AUR_01_S4,MH_AUR_01_S4,MH_AUR_01,SKU_HV_HD_01,2025-09-24,65
DUMP-190,source,ORD-DUMP-DUMP-190-MH_AUR_01_S3,MH_AUR_01_S3,MH_AUR_01,SKU_HV_HD_01,2025-09-24,37
DUMP-190,source,ORD-DUMP-DUMP-190-MH_AUR_01_S2,MH_AUR_01_S2,MH_AUR_01,SKU_HV_HD_01,2025-09-20,30
DUMP-190,victim,ORD-124851,MH_AHM_01_S2,MH_AHM_01,SKU_HV_HD_01,2025-09-20,-71
DUMP-190,victim,ORD-124979,MH_AHM_01_S2,MH_AHM_01,SKU_HV_HD_01,2025-09-27,-50
DUMP-191,source,ORD-DUMP-DUMP-191-MH_AUR_02_S3,MH_AUR_02_S3,MH_AUR_02,SKU_HV_HD_02,2024-03-26,46
DUMP-191,source,ORD-DUMP-DUMP-191-MH_AUR_02_S5,MH_AUR_02_S5,MH_AUR_02,SKU_HV_HD_02,2024-03-24,77
DUMP-191,victim,ORD-114880,MH_PUN_03_S3,MH_PUN_03,SKU_HV_HD_02,2024-03-25,-25
DUMP-191,victim,ORD-115008,MH_PUN_03_S3,MH_PUN_03,SKU_HV_HD_02,2024-04-01,-22
DUMP-192,source,ORD-DUMP-DUMP-192-MH_NAG_01_S6,MH_NAG_01_S6,MH_NAG_01,SKU_HV_HD_01,2023-08-12,65
DUMP-192,source,ORD-DUMP-DUMP-192-MH_NAG_01_S1,MH_NAG_01_S1,MH_NAG_01,SKU_HV_HD_01,2023-08-09,79
DUMP-192,victim,ORD-110774,MH_BHU_01_S3,MH_BHU_01,SKU_HV_HD_01,2023-08-12,-31
DUMP-192,victim,ORD-110902,MH_BHU_01_S3,MH_BHU_01,SKU_HV_HD_01,2023-08-19,-27
DUMP-193,source,ORD-105905,MH_LAT_01_S5,MH_LAT_01,SKU_HV_HD_01,2022-11-19,42
DUMP-193,victim,ORD-105892,MH_PUN_01_S4,MH_PUN_01,SKU_HV_HD_01,2022-11-19,-15
DUMP-193,victim,ORD-106020,MH_PUN_01_S4,MH_PUN_01,SKU_HV_HD_01,2022-11-26,-21
DUMP-194,source,ORD-DUMP-DUMP-194-MH_BRM_01_S3,MH_BRM_01_S3,MH_BRM_01,SKU_HV_HD_02,2023-03-11,48
DUMP-194,victim,ORD-107963,MH_NVM_01_S2,MH_NVM_01,SKU_HV_HD_02,2023-03-13,-31
DUMP-194,victim,ORD-108091,MH_NVM_01_S2,MH_NVM_01,SKU_HV_HD_02,2023-03-20,-38
DUMP-195,source,ORD-DUMP-DUMP-195-MH_DHU_01_S2,MH_DHU_01_S2,MH_DHU_01,SKU_HV_HD_01,2022-05-13,86
DUMP-195,victim,ORD-102344,MH_AUR_01_S2,MH_AUR_01,SKU_HV_HD_01,2022-05-09,-12
DUMP-195,victim,ORD-102472,MH_AUR_01_S2,MH_AUR_01,SKU_HV_HD_01,2022-05-16,-12
DUMP-196,source,ORD-DUMP-DUMP-196-MH_BED_01_S3,MH_BED_01_S3,MH_BED_01,SKU_HV_HD_02,2024-01-07,89
DUMP-196,victim,ORD-113530,MH_AMR_01_S3,MH_AMR_01,SKU_HV_HD_02,2024-01-10,-17
DUMP-196,victim,ORD-113658,MH_AMR_01_S3,MH_AMR_01,SKU_HV_HD_02,2024-01-17,-16
DUMP-197,source,ORD-108037,MH_MUM_01_S3,MH_MUM_01,SKU_HV_HD_01,2023-03-16,111
DUMP-197,source,ORD-DUMP-DUMP-197-MH_MUM_01_S1,MH_MUM_01_S1,MH_MUM_01,SKU_HV_HD_01,2023-03-22,75
DUMP-197,source,ORD-DUMP-DUMP-197-MH_MUM_01_S2,MH_MUM_01_S2,MH_MUM_01,SKU_HV_HD_01,2023-03-19,51
DUMP-197,victim,ORD-108147,MH_NSK_01_S3,MH_NSK_01,SKU_HV_HD_01,2023-03-22,-63
DUMP-197,victim,ORD-108275,MH_NSK_01_S3,MH_NSK_01,SKU_HV_HD_01,2023-03-29,-86
DUMP-198,source,ORD-DUMP-DUMP-198-MH_KOL_01_S3,MH_KOL_01_S3,MH_KOL_01,SKU_HV_HD_01,2022-02-15,121
DUMP-198,source,ORD-DUMP-DUMP-198-MH_KOL_01_S4,MH_KOL_01_S4,MH_KOL_01,SKU_HV_HD_01,2022-02-13,74
DUMP-198,victim,ORD-100771,MH_THN_01_S3,MH_THN_01,SKU_HV_HD_01,2022-02-12,-29
DUMP-198,victim,ORD-100899,MH_THN_01_S3,MH_THN_01,SKU_HV_HD_01,2022-02-19,-39
DUMP-199,source,ORD-DUMP-DUMP-199-MH_PAR_01_S3,MH_PAR_01_S3,MH_PAR_01,SKU_HV_HD_01,2024-04-11,81
DUMP-199,victim,ORD-115154,MH_CND_01_S3,MH_CND_01,SKU_HV_HD_01,2024-04-08,-29
DUMP-199,victim,ORD-115282,MH_CND_01_S3,MH_CND_01,SKU_HV_HD_01,2024-04-15,-32
DUMP-200,source,ORD-DUMP-DUMP-200-MH_JAL_01_S2,MH_JAL_01_S2,MH_JAL_01,SKU_HV_HD_02,2025-08-04,85
DUMP-200,source,ORD-DUMP-DUMP-200-MH_JAL_01_S4,MH_JAL_01_S4,MH_JAL_01,SKU_HV_HD_02,2025-08-08,36
DUMP-200,victim,ORD-124070,MH_PUN_02_S3,MH_PUN_02,SKU_HV_HD_02,2025-08-09,-102
DUMP-200,victim,ORD-124198,MH_PUN_02_S3,MH_PUN_02,SKU_HV_HD_02,2025-08-16,-76
