event_id,source_territory,victim_territory,sku,window_start,window_end,helper_stockists,impacted_stockist
DUMP-001,MH_JLN_01,MH_YAV_01,SKU_HV_HD_01,2023-06-05,2023-06-11,MH_JLN_01_S2,MH_YAV_01_S2
DUMP-002,MH_NAG_02,MH_PUN_01,SKU_HV_HD_02,2024-02-25,2024-03-02,MH_NAG_02_S2,MH_PUN_01_S4
DUMP-003,MH_AUR_02,MH_MUM_01,SKU_HV_HD_01,2025-09-06,2025-09-12,"MH_AUR_02_S5, MH_AUR_02_S3",MH_MUM_01_S1
DUMP-004,MH_MUM_02,MH_NVM_01,SKU_HV_HD_01,2024-09-15,2024-09-21,MH_MUM_02_S2,MH_NVM_01_S4
DUMP-005,MH_PUN_03,MH_BHU_01,SKU_HV_HD_02,2024-02-11,2024-02-17,"MH_PUN_03_S4, MH_PUN_03_S6",MH_BHU_01_S1
DUMP-006,MH_JAL_01,MH_PAR_01,SKU_HV_HD_02,2023-01-22,2023-01-28,"MH_JAL_01_S2, MH_JAL_01_S4",MH_PAR_01_S3
DUMP-007,MH_KOL_01,MH_NAN_01,SKU_HV_HD_02,2022-11-21,2022-11-27,MH_KOL_01_S2,MH_NAN_01_S3
DUMP-008,MH_NSK_01,MH_SOL_01,SKU_HV_HD_01,2024-01-02,2024-01-08,MH_NSK_01_S1,MH_SOL_01_S4
DUMP-009,MH_MUM_01,MH_NVM_01,SKU_HV_HD_01,2024-01-31,2024-02-06,"MH_MUM_01_S1, MH_MUM_01_S3, MH_MUM_01_S2",MH_NVM_01_S5
DUMP-010,MH_SOL_01,MH_PUN_03,SKU_HV_HD_01,2024-12-19,2024-12-25,"MH_SOL_01_S2, MH_SOL_01_S4, MH_SOL_01_S1",MH_PUN_03_S4
DUMP-011,MH_NAG_01,MH_PUN_02,SKU_HV_HD_02,2023-10-25,2023-10-31,"MH_NAG_01_S6, MH_NAG_01_S1",MH_PUN_02_S4
DUMP-012,MH_PAR_01,MH_NAG_02,SKU_HV_HD_01,2023-07-07,2023-07-13,MH_PAR_01_S3,MH_NAG_02_S2
DUMP-013,MH_JLN_01,MH_AUR_01,SKU_HV_HD_01,2023-07-09,2023-07-15,MH_JLN_01_S2,MH_AUR_01_S1
DUMP-014,MH_KOL_01,MH_MUM_02,SKU_HV_HD_01,2023-05-05,2023-05-11,"MH_KOL_01_S4, MH_KOL_01_S3",MH_MUM_02_S2
DUMP-015,MH_SAT_01,MH_NVM_01,SKU_HV_HD_01,2023-06-22,2023-06-28,MH_SAT_01_S2,MH_NVM_01_S5
DUMP-016,MH_AMR_01,MH_MUM_01,SKU_HV_HD_02,2025-04-17,2025-04-23,MH_AMR_01_S1,MH_MUM_01_S1
DUMP-017,MH_MUM_02,MH_NSK_01,SKU_HV_HD_02,2023-01-02,2023-01-08,"MH_MUM_02_S3, MH_MUM_02_S2, MH_MUM_02_S1",MH_NSK_01_S3
DUMP-018,MH_SOL_01,MH_NSK_01,SKU_HV_HD_02,2025-09-10,2025-09-16,MH_SOL_01_S2,MH_NSK_01_S3
DUMP-019,MH_JLN_01,MH_MUM_02,SKU_HV_HD_01,2023-07-03,2023-07-09,MH_JLN_01_S2,MH_MUM_02_S2
DUMP-020,MH_PUN_01,MH_BHU_01,SKU_HV_HD_01,2025-02-25,2025-03-03,"MH_PUN_01_S2, MH_PUN_01_S4",MH_BHU_01_S1
DUMP-021,MH_PUN_01,MH_PUN_02,SKU_HV_HD_02,2024-01-06,2024-01-12,MH_PUN_01_S3,MH_PUN_02_S2
DUMP-022,MH_AUR_01,MH_AMR_01,SKU_HV_HD_01,2024-02-20,2024-02-26,"MH_AUR_01_S2, MH_AUR_01_S1",MH_AMR_01_S3
DUMP-023,MH_JLN_01,MH_AKO_01,SKU_HV_HD_02,2024-01-07,2024-01-13,MH_JLN_01_S2,MH_AKO_01_S1
DUMP-024,MH_KOL_01,MH_JLN_01,SKU_HV_HD_02,2023-02-17,2023-02-23,MH_KOL_01_S3,MH_JLN_01_S2
DUMP-025,MH_CND_01,MH_AMR_01,SKU_HV_HD_01,2022-09-25,2022-10-01,"MH_CND_01_S1, MH_CND_01_S3",MH_AMR_01_S1
DUMP-026,MH_THN_01,MH_NAN_01,SKU_HV_HD_02,2024-07-11,2024-07-17,"MH_THN_01_S3, MH_THN_01_S2",MH_NAN_01_S3
DUMP-027,MH_MUM_02,MH_PUN_03,SKU_HV_HD_01,2023-06-18,2023-06-24,MH_MUM_02_S3,MH_PUN_03_S4
DUMP-028,MH_PUN_02,MH_SOL_01,SKU_HV_HD_02,2022-03-06,2022-03-12,"MH_PUN_02_S1, MH_PUN_02_S2, MH_PUN_02_S4",MH_SOL_01_S2
DUMP-029,MH_NAG_02,MH_DHU_01,SKU_HV_HD_02,2023-05-21,2023-05-27,"MH_NAG_02_S4, MH_NAG_02_S2",MH_DHU_01_S2
DUMP-030,MH_NSK_01,MH_PUN_03,SKU_HV_HD_01,2025-05-12,2025-05-18,"MH_NSK_01_S3, MH_NSK_01_S2",MH_PUN_03_S3
DUMP-031,MH_AUR_02,MH_PUN_02,SKU_HV_HD_01,2022-06-06,2022-06-12,MH_AUR_02_S3,MH_PUN_02_S2
DUMP-032,MH_NAG_02,MH_PUN_01,SKU_HV_HD_01,2024-01-31,2024-02-06,"MH_NAG_02_S2, MH_NAG_02_S4",MH_PUN_01_S5
DUMP-033,MH_SOL_01,MH_MUM_01,SKU_HV_HD_01,2022-04-18,2022-04-24,"MH_SOL_01_S1, MH_SOL_01_S2, MH_SOL_01_S4",MH_MUM_01_S2
DUMP-034,MH_PUN_02,MH_SOL_01,SKU_HV_HD_01,2023-11-10,2023-11-16,MH_PUN_02_S1,MH_SOL_01_S1
DUMP-035,MH_NAG_01,MH_MUM_01,SKU_HV_HD_02,2023-11-22,2023-11-28,"MH_NAG_01_S6, MH_NAG_01_S1",MH_MUM_01_S3
DUMP-036,MH_LAT_01,MH_AMR_01,SKU_HV_HD_02,2025-07-03,2025-07-09,"MH_LAT_01_S1, MH_LAT_01_S5",MH_AMR_01_S1
DUMP-037,MH_NAG_01,MH_AKO_01,SKU_HV_HD_02,2022-04-01,2022-04-07,MH_NAG_01_S1,MH_AKO_01_S3
DUMP-038,MH_CND_01,MH_NAG_02,SKU_HV_HD_01,2022-11-16,2022-11-22,"MH_CND_01_S1, MH_CND_01_S3",MH_NAG_02_S2
DUMP-039,MH_BRM_01,MH_SOL_01,SKU_HV_HD_02,2025-12-05,2025-12-11,"MH_BRM_01_S1, MH_BRM_01_S3",MH_SOL_01_S1
DUMP-040,MH_SOL_01,MH_AMR_01,SKU_HV_HD_02,2022-06-30,2022-07-06,MH_SOL_01_S4,MH_AMR_01_S1
DUMP-041,MH_MUM_01,MH_NSK_01,SKU_HV_HD_02,2025-07-08,2025-07-14,"MH_MUM_01_S2, MH_MUM_01_S1, MH_MUM_01_S3",MH_NSK_01_S3
DUMP-042,MH_JAL_01,MH_NAG_01,SKU_HV_HD_01,2025-01-13,2025-01-19,"MH_JAL_01_S4, MH_JAL_01_S2",MH_NAG_01_S6
DUMP-043,MH_CND_01,MH_NAN_01,SKU_HV_HD_02,2023-11-14,2023-11-20,MH_CND_01_S3,MH_NAN_01_S1
DUMP-044,MH_PUN_02,MH_MUM_01,SKU_HV_HD_02,2022-10-09,2022-10-15,"MH_PUN_02_S1, MH_PUN_02_S2, MH_PUN_02_S3",MH_MUM_01_S2
DUMP-045,MH_NVM_01,MH_PUN_01,SKU_HV_HD_01,2025-08-25,2025-08-31,"MH_NVM_01_S1, MH_NVM_01_S4, MH_NVM_01_S2",MH_PUN_01_S2
DUMP-046,MH_NSK_01,MH_YAV_01,SKU_HV_HD_01,2025-09-13,2025-09-19,"MH_NSK_01_S3, MH_NSK_01_S1",MH_YAV_01_S5
DUMP-047,MH_NAG_01,MH_BRM_01,SKU_HV_HD_01,2023-04-28,2023-05-04,"MH_NAG_01_S6, MH_NAG_01_S1",MH_BRM_01_S3
DUMP-048,MH_LAT_01,MH_JAL_01,SKU_HV_HD_02,2025-04-15,2025-04-21,MH_LAT_01_S5,MH_JAL_01_S4
DUMP-049,MH_SOL_01,MH_YAV_01,SKU_HV_HD_01,2023-09-04,2023-09-10,"MH_SOL_01_S2, MH_SOL_01_S4, MH_SOL_01_S1",MH_YAV_01_S5
DUMP-050,MH_JLN_01,MH_SOL_01,SKU_HV_HD_02,2022-07-17,2022-07-23,MH_JLN_01_S2,MH_SOL_01_S4
DUMP-051,MH_YAV_01,MH_THN_01,SKU_HV_HD_02,2022-07-20,2022-07-26,MH_YAV_01_S2,MH_THN_01_S2
DUMP-052,MH_NAN_01,MH_PUN_01,SKU_HV_HD_01,2023-08-09,2023-08-15,"MH_NAN_01_S2, MH_NAN_01_S3",MH_PUN_01_S2
DUMP-053,MH_AHM_01,MH_CND_01,SKU_HV_HD_02,2024-04-11,2024-04-17,MH_AHM_01_S2,MH_CND_01_S1
DUMP-054,MH_DHU_01,MH_BHU_01,SKU_HV_HD_01,2022-07-13,2022-07-19,MH_DHU_01_S2,MH_BHU_01_S1
DUMP-055,MH_MUM_02,MH_BED_01,SKU_HV_HD_02,2024-10-22,2024-10-28,"MH_MUM_02_S2, MH_MUM_02_S3",MH_BED_01_S3
DUMP-056,MH_JLN_01,MH_YAV_01,SKU_HV_HD_02,2023-11-03,2023-11-09,MH_JLN_01_S2,MH_YAV_01_S2
DUMP-057,MH_AUR_01,MH_NSK_02,SKU_HV_HD_02,2022-06-04,2022-06-10,MH_AUR_01_S4,MH_NSK_02_S3
DUMP-058,MH_KOL_01,MH_NAG_02,SKU_HV_HD_01,2023-06-17,2023-06-23,"MH_KOL_01_S4, MH_KOL_01_S3",MH_NAG_02_S4
DUMP-059,MH_PAR_01,MH_PUN_02,SKU_HV_HD_01,2025-09-19,2025-09-25,MH_PAR_01_S3,MH_PUN_02_S3
DUMP-060,MH_NVM_01,MH_BHU_01,SKU_HV_HD_01,2022-03-16,2022-03-22,"MH_NVM_01_S1, MH_NVM_01_S3, MH_NVM_01_S2",MH_BHU_01_S1
DUMP-061,MH_KOL_01,MH_AMR_01,SKU_HV_HD_02,2025-03-21,2025-03-27,"MH_KOL_01_S3, MH_KOL_01_S2",MH_AMR_01_S1
DUMP-062,MH_NSK_01,MH_BED_01,SKU_HV_HD_01,2022-11-23,2022-11-29,"MH_NSK_01_S2, MH_NSK_01_S1, MH_NSK_01_S3",MH_BED_01_S1
DUMP-063,MH_AUR_01,MH_NAG_02,SKU_HV_HD_01,2023-03-26,2023-04-01,MH_AUR_01_S1,MH_NAG_02_S2
DUMP-064,MH_AUR_02,MH_MUM_02,SKU_HV_HD_02,2025-02-06,2025-02-12,"MH_AUR_02_S5, MH_AUR_02_S3",MH_MUM_02_S1
DUMP-065,MH_MUM_02,MH_PUN_01,SKU_HV_HD_02,2025-11-05,2025-11-11,"MH_MUM_02_S3, MH_MUM_02_S2",MH_PUN_01_S4
DUMP-066,MH_SOL_01,MH_JAL_01,SKU_HV_HD_01,2022-10-03,2022-10-09,"MH_SOL_01_S2, MH_SOL_01_S4, MH_SOL_01_S1",MH_JAL_01_S4
DUMP-067,MH_LAT_01,MH_NAG_01,SKU_HV_HD_02,2023-03-03,2023-03-09,"MH_LAT_01_S5, MH_LAT_01_S1",MH_NAG_01_S1
DUMP-068,MH_NSK_01,MH_YAV_01,SKU_HV_HD_02,2024-06-22,2024-06-28,"MH_NSK_01_S1, MH_NSK_01_S2, MH_NSK_01_S3",MH_YAV_01_S5
DUMP-069,MH_NAN_01,MH_AKO_01,SKU_HV_HD_02,2025-01-22,2025-01-28,"MH_NAN_01_S3, MH_NAN_01_S6",MH_AKO_01_S2
DUMP-070,MH_BHU_01,MH_AMR_01,SKU_HV_HD_02,2022-07-24,2022-07-30,MH_BHU_01_S3,MH_AMR_01_S4
DUMP-071,MH_JLN_01,MH_KOL_01,SKU_HV_HD_01,2025-04-15,2025-04-21,MH_JLN_01_S2,MH_KOL_01_S4
DUMP-072,MH_PUN_03,MH_MUM_02,SKU_HV_HD_01,2022-10-04,2022-10-10,"MH_PUN_03_S4, MH_PUN_03_S6",MH_MUM_02_S1
DUMP-073,MH_PUN_03,MH_BHU_01,SKU_HV_HD_02,2022-12-13,2022-12-19,"MH_PUN_03_S4, MH_PUN_03_S1, MH_PUN_03_S3",MH_BHU_01_S1
DUMP-074,MH_NAG_02,MH_MUM_02,SKU_HV_HD_01,2022-06-08,2022-06-14,"MH_NAG_02_S4, MH_NAG_02_S2",MH_MUM_02_S2
DUMP-075,MH_PUN_03,MH_LAT_01,SKU_HV_HD_02,2025-05-01,2025-05-07,MH_PUN_03_S4,MH_LAT_01_S5
DUMP-076,MH_BED_01,MH_AKO_01,SKU_HV_HD_02,2023-11-22,2023-11-28,"MH_BED_01_S1, MH_BED_01_S3",MH_AKO_01_S2
DUMP-077,MH_KOL_01,MH_THN_01,SKU_HV_HD_01,2023-05-23,2023-05-29,"MH_KOL_01_S3, MH_KOL_01_S2",MH_THN_01_S3
DUMP-078,MH_JLN_01,MH_NAG_02,SKU_HV_HD_02,2024-03-30,2024-04-05,MH_JLN_01_S2,MH_NAG_02_S2
DUMP-079,MH_SAT_01,MH_NAN_01,SKU_HV_HD_01,2022-10-21,2022-10-27,MH_SAT_01_S2,MH_NAN_01_S6
DUMP-080,MH_YAV_01,MH_NAN_01,SKU_HV_HD_01,2023-01-27,2023-02-02,"MH_YAV_01_S5, MH_YAV_01_S2",MH_NAN_01_S3
DUMP-081,MH_SOL_01,MH_PUN_01,SKU_HV_HD_01,2024-07-08,2024-07-14,MH_SOL_01_S2,MH_PUN_01_S3
DUMP-082,MH_NAG_01,MH_AUR_01,SKU_HV_HD_01,2025-01-22,2025-01-28,"MH_NAG_01_S1, MH_NAG_01_S6",MH_AUR_01_S4
DUMP-083,MH_SAT_01,MH_AMR_01,SKU_HV_HD_01,2022-11-27,2022-12-03,MH_SAT_01_S2,MH_AMR_01_S1
DUMP-084,MH_NAG_01,MH_KOL_01,SKU_HV_HD_01,2025-12-18,2025-12-24,MH_NAG_01_S1,MH_KOL_01_S3
DUMP-085,MH_AMR_01,MH_NVM_01,SKU_HV_HD_02,2022-01-27,2022-02-02,MH_AMR_01_S4,MH_NVM_01_S1
DUMP-086,MH_NSK_01,MH_THN_01,SKU_HV_HD_01,2023-04-04,2023-04-10,MH_NSK_01_S3,MH_THN_01_S1
DUMP-087,MH_PUN_03,MH_NVM_01,SKU_HV_HD_02,2023-02-03,2023-02-09,"MH_PUN_03_S4, MH_PUN_03_S6",MH_NVM_01_S4
DUMP-088,MH_PUN_01,MH_NAG_01,SKU_HV_HD_01,2024-10-10,2024-10-16,MH_PUN_01_S5,MH_NAG_01_S6
DUMP-089,MH_SOL_01,MH_NAN_01,SKU_HV_HD_01,2024-12-30,2025-01-05,"MH_SOL_01_S1, MH_SOL_01_S4, MH_SOL_01_S2",MH_NAN_01_S1
DUMP-090,MH_SOL_01,MH_MUM_02,SKU_HV_HD_02,2024-08-01,2024-08-07,"MH_SOL_01_S1, MH_SOL_01_S2",MH_MUM_02_S1
DUMP-091,MH_NVM_01,MH_AHM_01,SKU_HV_HD_01,2025-11-11,2025-11-17,MH_NVM_01_S3,MH_AHM_01_S3
DUMP-092,MH_PUN_02,MH_BED_01,SKU_HV_HD_02,2022-08-22,2022-08-28,"MH_PUN_02_S3, MH_PUN_02_S2",MH_BED_01_S1
DUMP-093,MH_NAG_01,MH_PUN_03,SKU_HV_HD_02,2023-01-14,2023-01-20,"MH_NAG_01_S1, MH_NAG_01_S6",MH_PUN_03_S4
DUMP-094,MH_CND_01,MH_NSK_01,SKU_HV_HD_01,2024-02-16,2024-02-22,"MH_CND_01_S3, MH_CND_01_S1",MH_NSK_01_S1
DUMP-095,MH_LAT_01,MH_NVM_01,SKU_HV_HD_02,2022-07-17,2022-07-23,MH_LAT_01_S1,MH_NVM_01_S2
DUMP-096,MH_PAR_01,MH_SOL_01,SKU_HV_HD_01,2022-05-07,2022-05-13,MH_PAR_01_S3,MH_SOL_01_S1
DUMP-097,MH_NSK_02,MH_BED_01,SKU_HV_HD_02,2025-10-04,2025-10-10,MH_NSK_02_S1,MH_BED_01_S1
DUMP-098,MH_YAV_01,MH_NSK_02,SKU_HV_HD_01,2024-09-08,2024-09-14,"MH_YAV_01_S2, MH_YAV_01_S5",MH_NSK_02_S3
DUMP-099,MH_BRM_01,MH_AHM_01,SKU_HV_HD_02,2022-07-07,2022-07-13,"MH_BRM_01_S3, MH_BRM_01_S1",MH_AHM_01_S5
DUMP-100,MH_THN_01,MH_NAG_02,SKU_HV_HD_01,2023-04-02,2023-04-08,"MH_THN_01_S2, MH_THN_01_S3, MH_THN_01_S1",MH_NAG_02_S4
DUMP-101,MH_PUN_03,MH_AUR_01,SKU_HV_HD_02,2024-05-31,2024-06-06,MH_PUN_03_S4,MH_AUR_01_S1
DUMP-102,MH_BHU_01,MH_BED_01,SKU_HV_HD_01,2024-10-24,2024-10-30,"MH_BHU_01_S1, MH_BHU_01_S3",MH_BED_01_S1
DUMP-103,MH_BHU_01,MH_PUN_03,SKU_HV_HD_02,2025-11-05,2025-11-11,MH_BHU_01_S1,MH_PUN_03_S1
DUMP-104,MH_PUN_02,MH_NAN_01,SKU_HV_HD_01,2024-11-04,2024-11-10,"MH_PUN_02_S4, MH_PUN_02_S3",MH_NAN_01_S3
DUMP-105,MH_BHU_01,MH_BRM_01,SKU_HV_HD_01,2022-02-11,2022-02-17,"MH_BHU_01_S1, MH_BHU_01_S3",MH_BRM_01_S1
DUMP-106,MH_PUN_03,MH_PUN_02,SKU_HV_HD_01,2022-02-24,2022-03-02,"MH_PUN_03_S4, MH_PUN_03_S6",MH_PUN_02_S4
DUMP-107,MH_BED_01,MH_AKO_01,SKU_HV_HD_02,2024-07-19,2024-07-25,MH_BED_01_S1,MH_AKO_01_S2
DUMP-108,MH_SOL_01,MH_BED_01,SKU_HV_HD_01,2023-12-14,2023-12-20,MH_SOL_01_S1,MH_BED_01_S3
DUMP-109,MH_AUR_02,MH_AHM_01,SKU_HV_HD_01,2023-05-30,2023-06-05,MH_AUR_02_S3,MH_AHM_01_S3
DUMP-110,MH_PUN_03,MH_CND_01,SKU_HV_HD_02,2022-09-28,2022-10-04,MH_PUN_03_S1,MH_CND_01_S1
DUMP-111,MH_BED_01,MH_PUN_03,SKU_HV_HD_02,2023-12-19,2023-12-25,"MH_BED_01_S1, MH_BED_01_S3",MH_PUN_03_S4
DUMP-112,MH_BHU_01,MH_AKO_01,SKU_HV_HD_02,2022-12-01,2022-12-07,MH_BHU_01_S1,MH_AKO_01_S3
DUMP-113,MH_AHM_01,MH_AUR_01,SKU_HV_HD_01,2025-04-07,2025-04-13,"MH_AHM_01_S5, MH_AHM_01_S2",MH_AUR_01_S4
DUMP-114,MH_AUR_01,MH_PUN_03,SKU_HV_HD_01,2022-08-12,2022-08-18,"MH_AUR_01_S2, MH_AUR_01_S3",MH_PUN_03_S3
DUMP-115,MH_SOL_01,MH_AKO_01,SKU_HV_HD_01,2023-12-28,2024-01-03,"MH_SOL_01_S4, MH_SOL_01_S2",MH_AKO_01_S1
DUMP-116,MH_LAT_01,MH_PUN_03,SKU_HV_HD_02,2023-06-25,2023-07-01,"MH_LAT_01_S5, MH_LAT_01_S1",MH_PUN_03_S1
DUMP-117,MH_JLN_01,MH_NAG_01,SKU_HV_HD_02,2022-06-18,2022-06-24,MH_JLN_01_S2,MH_NAG_01_S6
DUMP-118,MH_NAN_01,MH_KOL_01,SKU_HV_HD_01,2024-10-27,2024-11-02,MH_NAN_01_S2,MH_KOL_01_S2
DUMP-119,MH_PUN_01,MH_LAT_01,SKU_HV_HD_01,2024-03-10,2024-03-16,"MH_PUN_01_S3, MH_PUN_01_S4",MH_LAT_01_S1
DUMP-120,MH_BHU_01,MH_SOL_01,SKU_HV_HD_02,2022-06-19,2022-06-25,MH_BHU_01_S3,MH_SOL_01_S2
DUMP-121,MH_AMR_01,MH_PUN_02,SKU_HV_HD_01,2022-05-29,2022-06-04,"MH_AMR_01_S1, MH_AMR_01_S3, MH_AMR_01_S4",MH_PUN_02_S2
DUMP-122,MH_PUN_03,MH_THN_01,SKU_HV_HD_02,2024-03-23,2024-03-29,"MH_PUN_03_S3, MH_PUN_03_S4, MH_PUN_03_S1",MH_THN_01_S3
DUMP-123,MH_PAR_01,MH_NSK_02,SKU_HV_HD_01,2025-03-31,2025-04-06,MH_PAR_01_S3,MH_NSK_02_S3
DUMP-124,MH_MUM_02,MH_NAG_02,SKU_HV_HD_01,2022-12-20,2022-12-26,MH_MUM_02_S2,MH_NAG_02_S2
DUMP-125,MH_BRM_01,MH_MUM_02,SKU_HV_HD_02,2023-06-10,2023-06-16,"MH_BRM_01_S3, MH_BRM_01_S1",MH_MUM_02_S2
DUMP-126,MH_AUR_02,MH_PUN_02,SKU_HV_HD_02,2023-06-27,2023-07-03,MH_AUR_02_S3,MH_PUN_02_S1
DUMP-127,MH_AUR_01,MH_SAT_01,SKU_HV_HD_02,2025-04-27,2025-05-03,"MH_AUR_01_S3, MH_AUR_01_S1",MH_SAT_01_S2
DUMP-128,MH_AUR_01,MH_MUM_01,SKU_HV_HD_01,2025-11-05,2025-11-11,"MH_AUR_01_S1, MH_AUR_01_S2, MH_AUR_01_S4",MH_MUM_01_S2
DUMP-129,MH_NAG_01,MH_PUN_03,SKU_HV_HD_01,2022-12-09,2022-12-15,"MH_NAG_01_S6, MH_NAG_01_S1",MH_PUN_03_S6
DUMP-130,MH_AUR_02,MH_PAR_01,SKU_HV_HD_02,2024-11-29,2024-12-05,"MH_AUR_02_S5, MH_AUR_02_S3",MH_PAR_01_S3
DUMP-131,MH_SAT_01,MH_NAG_01,SKU_HV_HD_01,2024-01-27,2024-02-02,MH_SAT_01_S2,MH_NAG_01_S1
DUMP-132,MH_PUN_01,MH_AHM_01,SKU_HV_HD_01,2022-11-14,2022-11-20,"MH_PUN_01_S3, MH_PUN_01_S2",MH_AHM_01_S3
DUMP-133,MH_KOL_01,MH_NSK_01,SKU_HV_HD_01,2024-02-14,2024-02-20,"MH_KOL_01_S4, MH_KOL_01_S2, MH_KOL_01_S3",MH_NSK_01_S3
DUMP-134,MH_PUN_03,MH_NSK_01,SKU_HV_HD_02,2024-07-15,2024-07-21,"MH_PUN_03_S3, MH_PUN_03_S1, MH_PUN_03_S6",MH_NSK_01_S1
DUMP-135,MH_YAV_01,MH_AUR_01,SKU_HV_HD_02,2025-08-09,2025-08-15,MH_YAV_01_S2,MH_AUR_01_S1
DUMP-136,MH_JLN_01,MH_NSK_01,SKU_HV_HD_02,2023-02-12,2023-02-18,MH_JLN_01_S2,MH_NSK_01_S3
DUMP-137,MH_AUR_01,MH_AKO_01,SKU_HV_HD_01,2023-01-22,2023-01-28,"MH_AUR_01_S2, MH_AUR_01_S1, MH_AUR_01_S3",MH_AKO_01_S1
DUMP-138,MH_MUM_01,MH_SOL_01,SKU_HV_HD_01,2023-01-26,2023-02-01,"MH_MUM_01_S2, MH_MUM_01_S3",MH_SOL_01_S2
DUMP-139,MH_AUR_02,MH_AMR_01,SKU_HV_HD_02,2024-03-18,2024-03-24,"MH_AUR_02_S3, MH_AUR_02_S5",MH_AMR_01_S3
DUMP-140,MH_AHM_01,MH_LAT_01,SKU_HV_HD_01,2022-11-25,2022-12-01,"MH_AHM_01_S3, MH_AHM_01_S5",MH_LAT_01_S5
DUMP-141,MH_NSK_02,MH_NSK_01,SKU_HV_HD_01,2023-12-23,2023-12-29,"MH_NSK_02_S3, MH_NSK_02_S2",MH_NSK_01_S1
DUMP-142,MH_AHM_01,MH_CND_01,SKU_HV_HD_01,2024-10-04,2024-10-10,MH_AHM_01_S2,MH_CND_01_S3
DUMP-143,MH_JAL_01,MH_THN_01,SKU_HV_HD_02,2024-02-02,2024-02-08,"MH_JAL_01_S4, MH_JAL_01_S2",MH_THN_01_S1
DUMP-144,MH_PUN_01,MH_AUR_01,SKU_HV_HD_01,2024-07-18,2024-07-24,"MH_PUN_01_S5, MH_PUN_01_S3",MH_AUR_01_S1
DUMP-145,MH_NSK_02,MH_NAN_01,SKU_HV_HD_02,2025-12-13,2025-12-19,"MH_NSK_02_S3, MH_NSK_02_S1, MH_NSK_02_S2",MH_NAN_01_S2
DUMP-146,MH_THN_01,MH_AUR_02,SKU_HV_HD_01,2024-03-17,2024-03-23,"MH_THN_01_S2, MH_THN_01_S3, MH_THN_01_S1",MH_AUR_02_S5
DUMP-147,MH_PUN_01,MH_BRM_01,SKU_HV_HD_02,2025-04-04,2025-04-10,"MH_PUN_01_S2, MH_PUN_01_S5",MH_BRM_01_S3
DUMP-148,MH_THN_01,MH_NAN_01,SKU_HV_HD_02,2024-06-30,2024-07-06,"MH_THN_01_S1, MH_THN_01_S2, MH_THN_01_S3",MH_NAN_01_S6
DUMP-149,MH_AUR_02,MH_PUN_02,SKU_HV_HD_02,2025-02-23,2025-03-01,"MH_AUR_02_S3, MH_AUR_02_S5",MH_PUN_02_S1
DUMP-150,MH_AKO_01,MH_MUM_02,SKU_HV_HD_02,2024-02-25,2024-03-02,"MH_AKO_01_S3, MH_AKO_01_S2",MH_MUM_02_S2
DUMP-151,MH_NSK_01,MH_AUR_02,SKU_HV_HD_01,2023-01-17,2023-01-23,MH_NSK_01_S1,MH_AUR_02_S5
DUMP-152,MH_NVM_01,MH_AKO_01,SKU_HV_HD_02,2025-12-04,2025-12-10,MH_NVM_01_S3,MH_AKO_01_S1
DUMP-153,MH_DHU_01,MH_KOL_01,SKU_HV_HD_02,2025-07-16,2025-07-22,MH_DHU_01_S2,MH_KOL_01_S4
DUMP-154,MH_NSK_02,MH_CND_01,SKU_HV_HD_02,2023-07-06,2023-07-12,MH_NSK_02_S2,MH_CND_01_S3
DUMP-155,MH_BHU_01,MH_SOL_01,SKU_HV_HD_02,2025-09-30,2025-10-06,"MH_BHU_01_S3, MH_BHU_01_S1",MH_SOL_01_S2
DUMP-156,MH_MUM_01,MH_SOL_01,SKU_HV_HD_02,2025-11-10,2025-11-16,MH_MUM_01_S3,MH_SOL_01_S4
DUMP-157,MH_MUM_02,MH_BHU_01,SKU_HV_HD_02,2024-03-18,2024-03-24,"MH_MUM_02_S3, MH_MUM_02_S1, MH_MUM_02_S2",MH_BHU_01_S3
DUMP-158,MH_PUN_02,MH_AKO_01,SKU_HV_HD_02,2022-06-27,2022-07-03,MH_PUN_02_S4,MH_AKO_01_S1
DUMP-159,MH_AUR_01,MH_KOL_01,SKU_HV_HD_01,2022-10-02,2022-10-08,MH_AUR_01_S2,MH_KOL_01_S4
DUMP-160,MH_CND_01,MH_AHM_01,SKU_HV_HD_01,2024-02-11,2024-02-17,"MH_CND_01_S1, MH_CND_01_S3",MH_AHM_01_S5
DUMP-161,MH_NSK_01,MH_NSK_02,SKU_HV_HD_02,2023-11-12,2023-11-18,"MH_NSK_01_S2, MH_NSK_01_S3, MH_NSK_01_S1",MH_NSK_02_S3
DUMP-162,MH_SAT_01,MH_CND_01,SKU_HV_HD_02,2023-06-28,2023-07-04,MH_SAT_01_S2,MH_CND_01_S1
DUMP-163,MH_PUN_02,MH_YAV_01,SKU_HV_HD_01,2022-07-04,2022-07-10,"MH_PUN_02_S1, MH_PUN_02_S2, MH_PUN_02_S4",MH_YAV_01_S5
DUMP-164,MH_MUM_02,MH_NVM_01,SKU_HV_HD_01,2024-01-17,2024-01-23,"MH_MUM_02_S1, MH_MUM_02_S3",MH_NVM_01_S2
DUMP-165,MH_NAG_02,MH_NSK_02,SKU_HV_HD_01,2022-09-11,2022-09-17,"MH_NAG_02_S4, MH_NAG_02_S2",MH_NSK_02_S3
DUMP-166,MH_AUR_01,MH_PUN_02,SKU_HV_HD_02,2022-07-05,2022-07-11,MH_AUR_01_S2,MH_PUN_02_S2
DUMP-167,MH_BED_01,MH_THN_01,SKU_HV_HD_01,2023-04-29,2023-05-05,MH_BED_01_S1,MH_THN_01_S1
DUMP-168,MH_YAV_01,MH_AKO_01,SKU_HV_HD_02,2022-08-16,2022-08-22,MH_YAV_01_S2,MH_AKO_01_S3
DUMP-169,MH_NAG_02,MH_PUN_01,SKU_HV_HD_01,2024-05-12,2024-05-18,MH_NAG_02_S2,MH_PUN_01_S3
DUMP-170,MH_PUN_01,MH_PUN_02,SKU_HV_HD_02,2022-07-31,2022-08-06,"MH_PUN_01_S4, MH_PUN_01_S2",MH_PUN_02_S2
DUMP-171,MH_NSK_01,MH_NAG_01,SKU_HV_HD_02,2024-07-28,2024-08-03,"MH_NSK_01_S1, MH_NSK_01_S2, MH_NSK_01_S3",MH_NAG_01_S6
DUMP-172,MH_NSK_01,MH_KOL_01,SKU_HV_HD_02,2025-02-28,2025-03-06,MH_NSK_01_S3,MH_KOL_01_S3
DUMP-173,MH_JLN_01,MH_NVM_01,SKU_HV_HD_01,2022-02-02,2022-02-08,MH_JLN_01_S2,MH_NVM_01_S3
DUMP-174,MH_DHU_01,MH_SOL_01,SKU_HV_HD_01,2024-08-29,2024-09-04,MH_DHU_01_S2,MH_SOL_01_S4
DUMP-175,MH_JAL_01,MH_NVM_01,SKU_HV_HD_01,2022-09-07,2022-09-13,MH_JAL_01_S4,MH_NVM_01_S1
DUMP-176,MH_PUN_01,MH_JAL_01,SKU_HV_HD_01,2024-03-28,2024-04-03,"MH_PUN_01_S2, MH_PUN_01_S3, MH_PUN_01_S5",MH_JAL_01_S4
DUMP-177,MH_THN_01,MH_MUM_01,SKU_HV_HD_02,2023-01-02,2023-01-08,"MH_THN_01_S1, MH_THN_01_S3, MH_THN_01_S2",MH_MUM_01_S1
DUMP-178,MH_DHU_01,MH_AUR_01,SKU_HV_HD_02,2023-06-05,2023-06-11,MH_DHU_01_S2,MH_AUR_01_S2
DUMP-179,MH_MUM_02,MH_AUR_01,SKU_HV_HD_01,2022-03-23,2022-03-29,MH_MUM_02_S3,MH_AUR_01_S4
DUMP-180,MH_JLN_01,MH_MUM_01,SKU_HV_HD_01,2024-09-22,2024-09-28,MH_JLN_01_S2,MH_MUM_01_S1
DUMP-181,MH_NSK_01,MH_YAV_01,SKU_HV_HD_02,2023-04-20,2023-04-26,"MH_NSK_01_S2, MH_NSK_01_S3, MH_NSK_01_S1",MH_YAV_01_S5
DUMP-182,MH_AKO_01,MH_YAV_01,SKU_HV_HD_02,2024-05-17,2024-05-23,"MH_AKO_01_S1, MH_AKO_01_S2",MH_YAV_01_S2
DUMP-183,MH_NSK_02,MH_NAG_01,SKU_HV_HD_01,2025-07-02,2025-07-08,"MH_NSK_02_S2, MH_NSK_02_S3",MH_NAG_01_S1
DUMP-184,MH_BRM_01,MH_AMR_01,SKU_HV_HD_02,2022-04-18,2022-04-24,"MH_BRM_01_S1, MH_BRM_01_S3",MH_AMR_01_S3
DUMP-185,MH_PUN_02,MH_SOL_01,SKU_HV_HD_02,2022-03-28,2022-04-03,MH_PUN_02_S1,MH_SOL_01_S2
DUMP-186,MH_NAN_01,MH_AUR_01,SKU_HV_HD_01,2024-12-25,2024-12-31,"MH_NAN_01_S1, MH_NAN_01_S6, MH_NAN_01_S3",MH_AUR_01_S2
DUMP-187,MH_PAR_01,MH_THN_01,SKU_HV_HD_02,2023-08-26,2023-09-01,MH_PAR_01_S3,MH_THN_01_S3
DUMP-188,MH_SAT_01,MH_MUM_01,SKU_HV_HD_02,2022-05-10,2022-05-16,MH_SAT_01_S2,MH_MUM_01_S3
DUMP-189,MH_LAT_01,MH_KOL_01,SKU_HV_HD_02,2023-06-13,2023-06-19,"MH_LAT_01_S5, MH_LAT_01_S1",MH_KOL_01_S4
DUMP-190,MH_AUR_01,MH_AHM_01,SKU_HV_HD_01,2025-09-19,2025-09-25,"MH_AUR_01_S4, MH_AUR_01_S3, MH_AUR_01_S2",MH_AHM_01_S2
DUMP-191,MH_AUR_02,MH_PUN_03,SKU_HV_HD_02,2024-03-22,2024-03-28,"MH_AUR_02_S3, MH_AUR_02_S5",MH_PUN_03_S3
DUMP-192,MH_NAG_01,MH_BHU_01,SKU_HV_HD_01,2023-08-07,2023-08-13,"MH_NAG_01_S6, MH_NAG_01_S1",MH_BHU_01_S3
DUMP-193,MH_LAT_01,MH_PUN_01,SKU_HV_HD_01,2022-11-18,2022-11-24,MH_LAT_01_S5,MH_PUN_01_S4
DUMP-194,MH_BRM_01,MH_NVM_01,SKU_HV_HD_02,2023-03-10,2023-03-16,MH_BRM_01_S3,MH_NVM_01_S2
DUMP-195,MH_DHU_01,MH_AUR_01,SKU_HV_HD_01,2022-05-08,2022-05-14,MH_DHU_01_S2,MH_AUR_01_S2
DUMP-196,MH_BED_01,MH_AMR_01,SKU_HV_HD_02,2024-01-04,2024-01-10,MH_BED_01_S3,MH_AMR_01_S3
DUMP-197,MH_MUM_01,MH_NSK_01,SKU_HV_HD_01,2023-03-16,2023-03-22,"MH_MUM_01_S3, MH_MUM_01_S1, MH_MUM_01_S2",MH_NSK_01_S3
DUMP-198,MH_KOL_01,MH_THN_01,SKU_HV_HD_01,2022-02-11,2022-02-17,"MH_KOL_01_S3, MH_KOL_01_S4",MH_THN_01_S3
DUMP-199,MH_PAR_01,MH_CND_01,SKU_HV_HD_01,2024-04-06,2024-04-12,MH_PAR_01_S3,MH_CND_01_S3
DUMP-200,MH_JAL_01,MH_PUN_02,SKU_HV_HD_02,2025-08-03,2025-08-09,"MH_JAL_01_S2, MH_JAL_01_S4",MH_PUN_02_S3
