id,name,monthly_quota
MH_MUM_01,Mumbai-South,1400
MH_MUM_02,Mumbai-Suburbs,1600
MH_THN_01,Thane-Urban,1500
MH_NVM_01,Navi-Mumbai,1300
MH_PUN_01,Pune-City,1550
MH_PUN_02,Pune-PCMC,1450
MH_PUN_03,Pune-Rural,900
MH_NAG_01,Nagpur-Urban,1250
MH_NAG_02,Nagpur-Rural,850
MH_NSK_01,Nashik-City,1200
MH_NSK_02,Nashik-Rural,800
MH_AUR_01,Aurangabad-Hub,1100
MH_AUR_02,Aurangabad-Rural,750
MH_KOL_01,Kolhapur,1050
MH_SOL_01,Solapur,1000
MH_AMR_01,Amravati,950
MH_NAN_01,Nanded,900
MH_JAL_01,Jalgaon,850
MH_AKO_01,Akola,800
MH_LAT_01,Latur,700
MH_DHU_01,Dhule,650
MH_AHM_01,Ahmednagar,1150
MH_CND_01,Chandrapur,600
MH_PAR_01,Parbhani,550
MH_JLN_01,Jalna,500
MH_BHU_01,Bhusawal,450
MH_SAT_01,Satara,700
MH_BED_01,Beed,600
MH_YAV_01,Yavatmal,550
MH_BRM_01,Baramati,750
